"DateTime";"Load Consumption"
"2020-04-10 00:00:00";21,21
"2020-04-10 00:05:00";20,72
"2020-04-10 00:10:00";20,77
"2020-04-10 00:15:00";20,32
"2020-04-10 00:20:00";19,98
"2020-04-10 00:25:00";19,63
"2020-04-10 00:30:00";20,13
"2020-04-10 00:35:00";20,35
"2020-04-10 00:40:00";20,42
"2020-04-10 00:45:00";20,34
"2020-04-10 00:50:00";20,31
"2020-04-10 00:55:00";20,18
"2020-04-10 01:00:00";20,17
"2020-04-10 01:05:00";19,98
"2020-04-10 01:10:00";19,81
"2020-04-10 01:15:00";19,6
"2020-04-10 01:20:00";19,7
"2020-04-10 01:25:00";20,17
"2020-04-10 01:30:00";20,05
"2020-04-10 01:35:00";19,54
"2020-04-10 01:40:00";20,11
"2020-04-10 01:45:00";19,6
"2020-04-10 01:50:00";19,62
"2020-04-10 01:55:00";19,37
"2020-04-10 02:00:00";19,45
"2020-04-10 02:05:00";19,27
"2020-04-10 02:10:00";18,99
"2020-04-10 02:15:00";19,29
"2020-04-10 02:20:00";19,52
"2020-04-10 02:25:00";20,12
"2020-04-10 02:30:00";19,75
"2020-04-10 02:35:00";19,52
"2020-04-10 02:40:00";19,51
"2020-04-10 02:45:00";19,54
"2020-04-10 02:50:00";19,21
"2020-04-10 02:55:00";19,23
"2020-04-10 03:00:00";19,22
"2020-04-10 03:05:00";19,46
"2020-04-10 03:10:00";19,07
"2020-04-10 03:15:00";18,98
"2020-04-10 03:20:00";18,93
"2020-04-10 03:25:00";18,98
"2020-04-10 03:30:00";19,12
"2020-04-10 03:35:00";19,07
"2020-04-10 03:40:00";18,7
"2020-04-10 03:45:00";19,12
"2020-04-10 03:50:00";19,21
"2020-04-10 03:55:00";19,15
"2020-04-10 04:00:00";19,13
"2020-04-10 04:05:00";19,38
"2020-04-10 04:10:00";19,99
"2020-04-10 04:15:00";19,31
"2020-04-10 04:20:00";20
"2020-04-10 04:25:00";19,38
"2020-04-10 04:30:00";19,46
"2020-04-10 04:35:00";19,22
"2020-04-10 04:40:00";19,15
"2020-04-10 04:45:00";19
"2020-04-10 04:50:00";18,96
"2020-04-10 04:55:00";18,87
"2020-04-10 05:00:00";19,43
"2020-04-10 05:05:00";19,83
"2020-04-10 05:10:00";20,08
"2020-04-10 05:15:00";20,58
"2020-04-10 05:20:00";20,62
"2020-04-10 05:25:00";19,34
"2020-04-10 05:30:00";19,52
"2020-04-10 05:35:00";19,63
"2020-04-10 05:40:00";19,8
"2020-04-10 05:45:00";19,78
"2020-04-10 05:50:00";19,95
"2020-04-10 05:55:00";20,96
"2020-04-10 06:00:00";21,36
"2020-04-10 06:05:00";22,35
"2020-04-10 06:10:00";22,05
"2020-04-10 06:15:00";22,06
"2020-04-10 06:20:00";21,66
"2020-04-10 06:25:00";20,33
"2020-04-10 06:30:00";21,11
"2020-04-10 06:35:00";21,12
"2020-04-10 06:40:00";21,63
"2020-04-10 06:45:00";21,23
"2020-04-10 06:50:00";20,56
"2020-04-10 06:55:00";21,28
"2020-04-10 07:00:00";22,22
"2020-04-10 07:05:00";22,44
"2020-04-10 07:10:00";24,01
"2020-04-10 07:15:00";23,69
"2020-04-10 07:20:00";23,04
"2020-04-10 07:25:00";25,12
"2020-04-10 07:30:00";26,16
"2020-04-10 07:35:00";25,38
"2020-04-10 07:40:00";24,01
"2020-04-10 07:45:00";22,76
"2020-04-10 07:50:00";22,31
"2020-04-10 07:55:00";22,57
"2020-04-10 08:00:00";22,97
"2020-04-10 08:05:00";23,38
"2020-04-10 08:10:00";23,1
"2020-04-10 08:15:00";24,42
"2020-04-10 08:20:00";24,66
"2020-04-10 08:25:00";24,23
"2020-04-10 08:30:00";24,04
"2020-04-10 08:35:00";24,28
"2020-04-10 08:40:00";23,59
"2020-04-10 08:45:00";26
"2020-04-10 08:50:00";25,07
"2020-04-10 08:55:00";22,36
"2020-04-10 09:00:00";22,83
"2020-04-10 09:05:00";22,1
"2020-04-10 09:10:00";21,66
"2020-04-10 09:15:00";21,83
"2020-04-10 09:20:00";22,06
"2020-04-10 09:25:00";22,02
"2020-04-10 09:30:00";23,1
"2020-04-10 09:35:00";20,77
"2020-04-10 09:40:00";22,04
"2020-04-10 09:45:00";22,81
"2020-04-10 09:50:00";22,8
"2020-04-10 09:55:00";23,64
"2020-04-10 10:00:00";22,45
"2020-04-10 10:05:00";22,77
"2020-04-10 10:10:00";23,13
"2020-04-10 10:15:00";20,67
"2020-04-10 10:20:00";22,9
"2020-04-10 10:25:00";23,94
"2020-04-10 10:30:00";24,11
"2020-04-10 10:35:00";26,41
"2020-04-10 10:40:00";28
"2020-04-10 10:45:00";27,38
"2020-04-10 10:50:00";26,21
"2020-04-10 10:55:00";26,62
"2020-04-10 11:00:00";27,15
"2020-04-10 11:05:00";23
"2020-04-10 11:10:00";28,69
"2020-04-10 11:15:00";24,61
"2020-04-10 11:20:00";24,62
"2020-04-10 11:25:00";24,58
"2020-04-10 11:30:00";25,36
"2020-04-10 11:35:00";24,63
"2020-04-10 11:40:00";24,49
"2020-04-10 11:45:00";25,57
"2020-04-10 11:55:00";24,76
"2020-04-10 12:00:00";21,97
"2020-04-10 12:05:00";22,17
"2020-04-10 12:10:00";23,15
"2020-04-10 12:15:00";21,28
"2020-04-10 12:20:00";21,83
"2020-04-10 12:25:00";22,79
"2020-04-10 12:30:00";23,01
"2020-04-10 12:35:00";22,94
"2020-04-10 12:40:00";23,55
"2020-04-10 12:45:00";23,62
"2020-04-10 12:50:00";23,59
"2020-04-10 12:55:00";23,31
"2020-04-10 13:00:00";23,5
"2020-04-10 13:05:00";23,62
"2020-04-10 13:10:00";23,06
"2020-04-10 13:15:00";23,19
"2020-04-10 13:20:00";23,59
"2020-04-10 13:25:00";24,5
"2020-04-10 13:30:00";26,23
"2020-04-10 13:35:00";29,14
"2020-04-10 13:40:00";28
"2020-04-10 13:45:00";26,22
"2020-04-10 13:50:00";25,18
"2020-04-10 13:55:00";24,97
"2020-04-10 14:00:00";24,96
"2020-04-10 14:05:00";23,99
"2020-04-10 14:10:00";23,37
"2020-04-10 14:15:00";23,93
"2020-04-10 14:20:00";24,56
"2020-04-10 14:25:00";24,37
"2020-04-10 14:30:00";24,82
"2020-04-10 14:35:00";25,17
"2020-04-10 14:40:00";25,28
"2020-04-10 14:45:00";24,86
"2020-04-10 14:50:00";25,34
"2020-04-10 14:55:00";25,03
"2020-04-10 15:00:00";25,89
"2020-04-10 15:05:00";25,15
"2020-04-10 15:10:00";24,91
"2020-04-10 15:15:00";25,89
"2020-04-10 15:20:00";24,74
"2020-04-10 15:25:00";26,35
"2020-04-10 15:30:00";24,37
"2020-04-10 15:35:00";24,2
"2020-04-10 15:40:00";24,19
"2020-04-10 15:45:00";24,22
"2020-04-10 15:50:00";25
"2020-04-10 15:55:00";25,27
"2020-04-10 16:00:00";27,94
"2020-04-10 16:05:00";25,8
"2020-04-10 16:10:00";24,78
"2020-04-10 16:15:00";25,12
"2020-04-10 16:20:00";25,45
"2020-04-10 16:25:00";23,61
"2020-04-10 16:30:00";22,85
"2020-04-10 16:35:00";25,23
"2020-04-10 16:40:00";25,05
"2020-04-10 16:45:00";22,4
"2020-04-10 16:50:00";22,36
"2020-04-10 16:55:00";22,12
"2020-04-10 17:00:00";21,75
"2020-04-10 17:05:00";21,75
"2020-04-10 17:10:00";22,69
"2020-04-10 17:15:00";21,37
"2020-04-10 17:20:00";21,64
"2020-04-10 17:25:00";21,45
"2020-04-10 17:30:00";21,48
"2020-04-10 17:35:00";23,7
"2020-04-10 17:40:00";23,49
"2020-04-10 17:45:00";23,3
"2020-04-10 17:50:00";23,26
"2020-04-10 17:55:00";23,29
"2020-04-10 18:00:00";19,15
"2020-04-10 18:05:00";25,14
"2020-04-10 18:10:00";25,82
"2020-04-10 18:15:00";26,88
"2020-04-10 18:20:00";25,7
"2020-04-10 18:25:00";26,95
"2020-04-10 18:30:00";26,23
"2020-04-10 18:35:00";24,78
"2020-04-10 18:40:00";24,1
"2020-04-10 18:45:00";24
"2020-04-10 18:50:00";23,59
"2020-04-10 18:55:00";23,4
"2020-04-10 19:00:00";25,28
"2020-04-10 19:05:00";25,87
"2020-04-10 19:10:00";25,77
"2020-04-10 19:15:00";25,26
"2020-04-10 19:20:00";24,77
"2020-04-10 19:25:00";25,31
"2020-04-10 19:30:00";24,87
"2020-04-10 19:35:00";25,34
"2020-04-10 19:40:00";25,74
"2020-04-10 19:45:00";29,03
"2020-04-10 19:50:00";29,31
"2020-04-10 19:55:00";29,31
"2020-04-10 20:00:00";30,77
"2020-04-10 20:05:00";29,38
"2020-04-10 20:10:00";28,84
"2020-04-10 20:15:00";28,38
"2020-04-10 20:20:00";27,09
"2020-04-10 20:25:00";27,2
"2020-04-10 20:30:00";28,08
"2020-04-10 20:35:00";29,06
"2020-04-10 20:40:00";28,43
"2020-04-10 20:45:00";27,1
"2020-04-10 20:50:00";26,76
"2020-04-10 20:55:00";26,17
"2020-04-10 21:00:00";25,25
"2020-04-10 21:05:00";23,27
"2020-04-10 21:10:00";21,82
"2020-04-10 21:15:00";24,69
"2020-04-10 21:20:00";26,68
"2020-04-10 21:25:00";27,18
"2020-04-10 21:30:00";25,08
"2020-04-10 21:35:00";23,63
"2020-04-10 21:40:00";21,62
"2020-04-10 21:45:00";21,36
"2020-04-10 21:50:00";20,97
"2020-04-10 21:55:00";21,4
"2020-04-10 22:00:00";22,45
"2020-04-10 22:05:00";22,34
"2020-04-10 22:10:00";21,16
"2020-04-10 22:15:00";22,72
"2020-04-10 22:20:00";23,66
"2020-04-10 22:25:00";23,73
"2020-04-10 22:30:00";22,36
"2020-04-10 22:35:00";21,93
"2020-04-10 22:40:00";20,8
"2020-04-10 22:45:00";20,77
"2020-04-10 22:50:00";20,67
"2020-04-10 22:55:00";20,69
"2020-04-10 23:00:00";20,68
"2020-04-10 23:05:00";21,12
"2020-04-10 23:10:00";20,63
"2020-04-10 23:15:00";20,8
"2020-04-10 23:20:00";20,79
"2020-04-10 23:25:00";20,69
"2020-04-10 23:30:00";20,13
"2020-04-10 23:35:00";20,42
"2020-04-10 23:40:00";20,86
"2020-04-10 23:45:00";20,89
"2020-04-10 23:50:00";20,41
"2020-04-10 23:55:00";20,34
"2020-04-11 00:00:00";20,01
"2020-04-11 00:05:00";19,83
"2020-04-11 00:10:00";20,18
"2020-04-11 00:15:00";20,31
"2020-04-11 00:20:00";20,65
"2020-04-11 00:25:00";20,16
"2020-04-11 00:30:00";19,64
"2020-04-11 00:35:00";20,32
"2020-04-11 00:40:00";20,29
"2020-04-11 00:45:00";20,11
"2020-04-11 00:50:00";20
"2020-04-11 00:55:00";19,54
"2020-04-11 01:00:00";19,54
"2020-04-11 01:05:00";19,55
"2020-04-11 01:10:00";19,5
"2020-04-11 01:15:00";19,43
"2020-04-11 01:20:00";19,08
"2020-04-11 01:25:00";19,21
"2020-04-11 01:30:00";19,26
"2020-04-11 01:35:00";18,83
"2020-04-11 01:40:00";18,92
"2020-04-11 01:45:00";19,2
"2020-04-11 01:50:00";19,37
"2020-04-11 01:55:00";19
"2020-04-11 02:00:00";19,24
"2020-04-11 02:05:00";19,09
"2020-04-11 02:10:00";18,78
"2020-04-11 02:15:00";18,71
"2020-04-11 02:20:00";18,9
"2020-04-11 02:25:00";19,08
"2020-04-11 02:30:00";19,5
"2020-04-11 02:35:00";19,09
"2020-04-11 02:40:00";19,15
"2020-04-11 02:45:00";18,8
"2020-04-11 02:50:00";18,99
"2020-04-11 02:55:00";18,77
"2020-04-11 03:00:00";18,88
"2020-04-11 03:05:00";18,56
"2020-04-11 03:10:00";18,72
"2020-04-11 03:15:00";18,85
"2020-04-11 03:20:00";18,68
"2020-04-11 03:25:00";19,14
"2020-04-11 03:30:00";19,26
"2020-04-11 03:35:00";19,07
"2020-04-11 03:40:00";19,04
"2020-04-11 03:45:00";18,71
"2020-04-11 03:50:00";19,05
"2020-04-11 03:55:00";19,07
"2020-04-11 04:00:00";19,45
"2020-04-11 04:05:00";19,43
"2020-04-11 04:10:00";19,81
"2020-04-11 04:15:00";19,69
"2020-04-11 04:20:00";18,8
"2020-04-11 04:25:00";19,13
"2020-04-11 04:30:00";19,2
"2020-04-11 04:35:00";19,37
"2020-04-11 04:40:00";19,63
"2020-04-11 04:45:00";19,2
"2020-04-11 04:50:00";19,1
"2020-04-11 04:55:00";18,56
"2020-04-11 05:00:00";19,13
"2020-04-11 05:05:00";19,5
"2020-04-11 05:10:00";19,47
"2020-04-11 05:15:00";19,51
"2020-04-11 05:20:00";20,64
"2020-04-11 05:25:00";18,73
"2020-04-11 05:30:00";18,35
"2020-04-11 05:35:00";18,44
"2020-04-11 05:40:00";18,79
"2020-04-11 05:45:00";19,47
"2020-04-11 05:50:00";17,88
"2020-04-11 05:55:00";17,51
"2020-04-11 06:00:00";18,49
"2020-04-11 06:05:00";18,79
"2020-04-11 06:10:00";18,5
"2020-04-11 06:15:00";19,15
"2020-04-11 06:20:00";18,3
"2020-04-11 06:25:00";18,38
"2020-04-11 06:30:00";18,89
"2020-04-11 06:35:00";17,97
"2020-04-11 06:40:00";17,84
"2020-04-11 06:45:00";18,02
"2020-04-11 06:50:00";18,43
"2020-04-11 06:55:00";18,89
"2020-04-11 07:00:00";19,27
"2020-04-11 07:05:00";20,4
"2020-04-11 07:10:00";20,95
"2020-04-11 07:15:00";22,29
"2020-04-11 07:20:00";22,08
"2020-04-11 07:25:00";21,41
"2020-04-11 07:30:00";21,76
"2020-04-11 07:35:00";22,06
"2020-04-11 07:40:00";21,07
"2020-04-11 07:45:00";20,66
"2020-04-11 07:50:00";20,27
"2020-04-11 07:55:00";20
"2020-04-11 08:00:00";20,49
"2020-04-11 08:05:00";20,93
"2020-04-11 08:10:00";21,12
"2020-04-11 08:15:00";21,56
"2020-04-11 08:20:00";22,01
"2020-04-11 08:30:00";20,71
"2020-04-11 08:35:00";20,43
"2020-04-11 08:40:00";22,07
"2020-04-11 08:45:00";22,09
"2020-04-11 08:50:00";22,81
"2020-04-11 08:55:00";22,7
"2020-04-11 09:00:00";23,28
"2020-04-11 09:05:00";23,64
"2020-04-11 09:10:00";22,41
"2020-04-11 09:15:00";22,76
"2020-04-11 09:20:00";21,2
"2020-04-11 09:25:00";22,45
"2020-04-11 09:30:00";22,84
"2020-04-11 09:35:00";23,33
"2020-04-11 09:40:00";23,98
"2020-04-11 09:45:00";23,56
"2020-04-11 09:50:00";22,88
"2020-04-11 09:55:00";22,75
"2020-04-11 10:00:00";23,12
"2020-04-11 10:05:00";23,06
"2020-04-11 10:10:00";22,67
"2020-04-11 10:15:00";22,02
"2020-04-11 10:20:00";22,63
"2020-04-11 10:25:00";22,6
"2020-04-11 10:30:00";21,45
"2020-04-11 10:35:00";23,79
"2020-04-11 10:40:00";23
"2020-04-11 10:45:00";22,86
"2020-04-11 10:50:00";25,03
"2020-04-11 10:55:00";22,24
"2020-04-11 11:00:00";24,55
"2020-04-11 11:05:00";22,14
"2020-04-11 11:10:00";22,31
"2020-04-11 11:15:00";23,99
"2020-04-11 11:20:00";23,92
"2020-04-11 11:25:00";24,07
"2020-04-11 11:30:00";23,12
"2020-04-11 11:35:00";21,91
"2020-04-11 11:40:00";21
"2020-04-11 11:45:00";23,65
"2020-04-11 11:50:00";23,11
"2020-04-11 11:55:00";22,85
"2020-04-11 12:00:00";22,28
"2020-04-11 12:05:00";21,11
"2020-04-11 12:10:00";20,67
"2020-04-11 12:15:00";20,04
"2020-04-11 12:20:00";20,96
"2020-04-11 12:25:00";21,36
"2020-04-11 12:30:00";19,51
"2020-04-11 12:35:00";19,78
"2020-04-11 12:40:00";19,27
"2020-04-11 12:45:00";20
"2020-04-11 12:50:00";20,19
"2020-04-11 12:55:00";22,41
"2020-04-11 13:00:00";24,04
"2020-04-11 13:05:00";23,6
"2020-04-11 13:10:00";24,34
"2020-04-11 13:15:00";25,5
"2020-04-11 13:20:00";24,56
"2020-04-11 13:25:00";24,07
"2020-04-11 13:30:00";26,03
"2020-04-11 13:35:00";24,49
"2020-04-11 13:40:00";23,91
"2020-04-11 13:45:00";23,99
"2020-04-11 13:50:00";26,57
"2020-04-11 13:55:00";24,43
"2020-04-11 14:00:00";23,95
"2020-04-11 14:05:00";27,41
"2020-04-11 14:10:00";26,07
"2020-04-11 14:15:00";26,25
"2020-04-11 14:20:00";24,18
"2020-04-11 14:25:00";23,93
"2020-04-11 14:30:00";24,39
"2020-04-11 14:35:00";24,45
"2020-04-11 14:40:00";24,89
"2020-04-11 14:45:00";25,34
"2020-04-11 14:50:00";25,23
"2020-04-11 14:55:00";25,8
"2020-04-11 15:00:00";26,43
"2020-04-11 15:05:00";25,19
"2020-04-11 15:10:00";24,6
"2020-04-11 15:15:00";23,76
"2020-04-11 15:20:00";23,25
"2020-04-11 15:25:00";22,48
"2020-04-11 15:30:00";22,78
"2020-04-11 15:35:00";22,01
"2020-04-11 15:40:00";21,35
"2020-04-11 15:45:00";22,03
"2020-04-11 15:50:00";22,23
"2020-04-11 15:55:00";23,86
"2020-04-11 16:00:00";22,61
"2020-04-11 16:05:00";21,77
"2020-04-11 16:10:00";21,8
"2020-04-11 16:15:00";21,54
"2020-04-11 16:20:00";21,41
"2020-04-11 16:25:00";20,15
"2020-04-11 16:30:00";20,06
"2020-04-11 16:35:00";20,7
"2020-04-11 16:40:00";20,33
"2020-04-11 16:45:00";19,97
"2020-04-11 16:50:00";21,36
"2020-04-11 16:55:00";21,32
"2020-04-11 17:00:00";20,44
"2020-04-11 17:05:00";19,2
"2020-04-11 17:10:00";18,21
"2020-04-11 17:15:00";18,51
"2020-04-11 17:20:00";19,32
"2020-04-11 17:25:00";18,67
"2020-04-11 17:30:00";18,2
"2020-04-11 17:35:00";18,51
"2020-04-11 17:40:00";19,96
"2020-04-11 17:45:00";19,76
"2020-04-11 17:50:00";20,59
"2020-04-11 17:55:00";23,07
"2020-04-11 18:00:00";22,67
"2020-04-11 18:05:00";24,64
"2020-04-11 18:10:00";25,19
"2020-04-11 18:15:00";24,63
"2020-04-11 18:20:00";23,34
"2020-04-11 18:25:00";30,49
"2020-04-11 18:30:00";21,3
"2020-04-11 18:35:00";22,11
"2020-04-11 18:40:00";23,33
"2020-04-11 18:45:00";22,97
"2020-04-11 18:50:00";25,26
"2020-04-11 18:55:00";25,98
"2020-04-11 19:00:00";25,07
"2020-04-11 19:05:00";26,12
"2020-04-11 19:10:00";26,47
"2020-04-11 19:15:00";26,19
"2020-04-11 19:20:00";25,94
"2020-04-11 19:25:00";27,33
"2020-04-11 19:30:00";28,38
"2020-04-11 19:35:00";29,5
"2020-04-11 19:40:00";29,47
"2020-04-11 19:45:00";28,52
"2020-04-11 19:50:00";27,63
"2020-04-11 19:55:00";26,78
"2020-04-11 20:00:00";25,74
"2020-04-11 20:05:00";26,82
"2020-04-11 20:10:00";26,2
"2020-04-11 20:15:00";26,04
"2020-04-11 20:20:00";25,03
"2020-04-11 20:25:00";27,06
"2020-04-11 20:30:00";26,87
"2020-04-11 20:35:00";26,21
"2020-04-11 20:40:00";26,42
"2020-04-11 20:45:00";26,34
"2020-04-11 20:50:00";27,2
"2020-04-11 20:55:00";23,84
"2020-04-11 21:00:00";25,63
"2020-04-11 21:05:00";22,39
"2020-04-11 21:10:00";24,57
"2020-04-11 21:15:00";23,78
"2020-04-11 21:20:00";23,23
"2020-04-11 21:25:00";22,33
"2020-04-11 21:30:00";21,75
"2020-04-11 21:35:00";22,64
"2020-04-11 21:40:00";22,06
"2020-04-11 21:45:00";23,08
"2020-04-11 21:50:00";23,36
"2020-04-11 21:55:00";21,62
"2020-04-11 22:00:00";21,71
"2020-04-11 22:05:00";21,27
"2020-04-11 22:10:00";21,17
"2020-04-11 22:15:00";21,49
"2020-04-11 22:20:00";20,85
"2020-04-11 22:25:00";20,86
"2020-04-11 22:30:00";20,81
"2020-04-11 22:35:00";20,34
"2020-04-11 22:40:00";20,87
"2020-04-11 22:45:00";21,61
"2020-04-11 22:50:00";21,85
"2020-04-11 22:55:00";21,89
"2020-04-11 23:00:00";21,94
"2020-04-11 23:05:00";23,17
"2020-04-11 23:10:00";22,91
"2020-04-11 23:15:00";22,77
"2020-04-11 23:20:00";21,95
"2020-04-11 23:25:00";21,4
"2020-04-11 23:30:00";21,45
"2020-04-11 23:35:00";22,95
"2020-04-11 23:40:00";22,91
"2020-04-11 23:45:00";22,45
"2020-04-11 23:50:00";22,5
"2020-04-11 23:55:00";20,73
"2020-04-12 00:00:00";21,54
"2020-04-12 00:05:00";21,59
"2020-04-12 00:10:00";20,97
"2020-04-12 00:15:00";20,99
"2020-04-12 00:20:00";22,25
"2020-04-12 00:25:00";20,48
"2020-04-12 00:30:00";20,05
"2020-04-12 00:35:00";19,57
"2020-04-12 00:40:00";19,54
"2020-04-12 00:45:00";19,49
"2020-04-12 00:50:00";19,67
"2020-04-12 00:55:00";19,42
"2020-04-12 01:00:00";19,53
"2020-04-12 01:05:00";18,93
"2020-04-12 01:10:00";19,34
"2020-04-12 01:15:00";20,29
"2020-04-12 01:20:00";20,07
"2020-04-12 01:25:00";19,4
"2020-04-12 01:30:00";19,32
"2020-04-12 01:35:00";19,27
"2020-04-12 01:40:00";19,36
"2020-04-12 01:45:00";19,48
"2020-04-12 01:50:00";19,55
"2020-04-12 01:55:00";19,34
"2020-04-12 02:00:00";19,37
"2020-04-12 02:05:00";19,58
"2020-04-12 02:10:00";19,48
"2020-04-12 02:15:00";19,19
"2020-04-12 02:20:00";19,05
"2020-04-12 02:25:00";19,07
"2020-04-12 02:30:00";18,79
"2020-04-12 02:35:00";18,86
"2020-04-12 02:40:00";18,76
"2020-04-12 02:45:00";18,68
"2020-04-12 02:50:00";18,89
"2020-04-12 02:55:00";18,87
"2020-04-12 03:00:00";18,85
"2020-04-12 03:05:00";18,94
"2020-04-12 03:10:00";18,99
"2020-04-12 03:15:00";18,9
"2020-04-12 03:20:00";18,89
"2020-04-12 03:25:00";19,07
"2020-04-12 03:30:00";18,6
"2020-04-12 03:35:00";18,88
"2020-04-12 03:40:00";18,85
"2020-04-12 03:45:00";18,99
"2020-04-12 03:50:00";19,31
"2020-04-12 03:55:00";18,97
"2020-04-12 04:00:00";19,01
"2020-04-12 04:05:00";18,91
"2020-04-12 04:10:00";18,97
"2020-04-12 04:15:00";18,81
"2020-04-12 04:20:00";18,85
"2020-04-12 04:25:00";19,16
"2020-04-12 04:30:00";18,75
"2020-04-12 04:35:00";18,52
"2020-04-12 04:40:00";18,82
"2020-04-12 04:45:00";18,86
"2020-04-12 04:50:00";18,74
"2020-04-12 04:55:00";18,99
"2020-04-12 05:00:00";19,17
"2020-04-12 05:05:00";19,51
"2020-04-12 05:10:00";19,43
"2020-04-12 05:15:00";19,12
"2020-04-12 05:20:00";18,15
"2020-04-12 05:25:00";17,73
"2020-04-12 05:30:00";17,68
"2020-04-12 05:35:00";17,62
"2020-04-12 05:40:00";17,83
"2020-04-12 05:45:00";17,28
"2020-04-12 05:50:00";17,49
"2020-04-12 05:55:00";18,47
"2020-04-12 06:00:00";18,34
"2020-04-12 06:05:00";18,27
"2020-04-12 06:10:00";18,39
"2020-04-12 06:15:00";17,91
"2020-04-12 06:20:00";17,9
"2020-04-12 06:25:00";17,88
"2020-04-12 06:30:00";17,67
"2020-04-12 06:35:00";17,62
"2020-04-12 06:40:00";17,67
"2020-04-12 06:45:00";17,75
"2020-04-12 06:50:00";18,25
"2020-04-12 06:55:00";18,56
"2020-04-12 07:00:00";19,89
"2020-04-12 07:05:00";19,72
"2020-04-12 07:10:00";20,75
"2020-04-12 07:15:00";20,09
"2020-04-12 07:20:00";19,9
"2020-04-12 07:25:00";20,01
"2020-04-12 07:30:00";20,14
"2020-04-12 07:35:00";19,55
"2020-04-12 07:40:00";19,39
"2020-04-12 07:45:00";19,47
"2020-04-12 07:50:00";20,44
"2020-04-12 07:55:00";23,24
"2020-04-12 08:00:00";22,71
"2020-04-12 08:05:00";23,23
"2020-04-12 08:10:00";23,14
"2020-04-12 08:15:00";22,99
"2020-04-12 08:20:00";21,86
"2020-04-12 08:25:00";21,67
"2020-04-12 08:30:00";21,66
"2020-04-12 08:35:00";21,08
"2020-04-12 08:40:00";21,48
"2020-04-12 08:45:00";21,47
"2020-04-12 08:50:00";22,82
"2020-04-12 08:55:00";20,78
"2020-04-12 09:00:00";20,74
"2020-04-12 09:05:00";21,07
"2020-04-12 09:10:00";23,76
"2020-04-12 09:15:00";26,36
"2020-04-12 09:20:00";23,53
"2020-04-12 09:25:00";23,67
"2020-04-12 09:30:00";22,59
"2020-04-12 09:35:00";22,48
"2020-04-12 09:40:00";22,42
"2020-04-12 09:45:00";23,51
"2020-04-12 09:50:00";24
"2020-04-12 09:55:00";23,83
"2020-04-12 10:00:00";25,74
"2020-04-12 10:05:00";26,29
"2020-04-12 10:10:00";24,55
"2020-04-12 10:15:00";25,06
"2020-04-12 10:20:00";24,44
"2020-04-12 10:25:00";24,05
"2020-04-12 10:30:00";24,51
"2020-04-12 10:35:00";25,08
"2020-04-12 10:40:00";25,93
"2020-04-12 10:45:00";25,55
"2020-04-12 10:50:00";24,34
"2020-04-12 10:55:00";27,78
"2020-04-12 11:00:00";29,33
"2020-04-12 11:05:00";25,55
"2020-04-12 11:10:00";24,55
"2020-04-12 11:15:00";24,71
"2020-04-12 11:20:00";26,6
"2020-04-12 11:25:00";27,62
"2020-04-12 11:30:00";26,62
"2020-04-12 11:35:00";24,01
"2020-04-12 11:40:00";22,99
"2020-04-12 11:45:00";23,67
"2020-04-12 11:50:00";23,99
"2020-04-12 11:55:00";25,19
"2020-04-12 12:00:00";23,86
"2020-04-12 12:05:00";22,8
"2020-04-12 12:10:00";21,44
"2020-04-12 12:15:00";21,51
"2020-04-12 12:20:00";23,98
"2020-04-12 12:25:00";25,35
"2020-04-12 12:30:00";23,67
"2020-04-12 12:35:00";23,8
"2020-04-12 12:40:00";22,58
"2020-04-12 12:45:00";24,01
"2020-04-12 12:50:00";25,06
"2020-04-12 12:55:00";25,38
"2020-04-12 13:00:00";25,52
"2020-04-12 13:05:00";26,49
"2020-04-12 13:10:00";26,29
"2020-04-12 13:15:00";25,99
"2020-04-12 13:20:00";25,57
"2020-04-12 13:25:00";24,18
"2020-04-12 13:30:00";23,99
"2020-04-12 13:35:00";23,94
"2020-04-12 13:40:00";23,13
"2020-04-12 13:45:00";23,18
"2020-04-12 13:50:00";23,34
"2020-04-12 13:55:00";23,89
"2020-04-12 14:00:00";23,89
"2020-04-12 14:05:00";23,9
"2020-04-12 14:10:00";24
"2020-04-12 14:15:00";25,06
"2020-04-12 14:20:00";25,4
"2020-04-12 14:25:00";23,53
"2020-04-12 14:30:00";22,88
"2020-04-12 14:35:00";22,02
"2020-04-12 14:40:00";21,65
"2020-04-12 14:45:00";22,6
"2020-04-12 14:50:00";23,19
"2020-04-12 14:55:00";22,43
"2020-04-12 15:00:00";22,41
"2020-04-12 15:05:00";22,52
"2020-04-12 15:10:00";21,95
"2020-04-12 15:15:00";23,89
"2020-04-12 15:20:00";23,82
"2020-04-12 15:25:00";23,06
"2020-04-12 15:30:00";21,71
"2020-04-12 15:35:00";22,24
"2020-04-12 15:40:00";24,08
"2020-04-12 15:45:00";23,6
"2020-04-12 15:50:00";22,81
"2020-04-12 15:55:00";24,09
"2020-04-12 16:00:00";28,63
"2020-04-12 16:05:00";24,67
"2020-04-12 16:10:00";25,68
"2020-04-12 16:15:00";22,53
"2020-04-12 16:20:00";20,49
"2020-04-12 16:25:00";21,89
"2020-04-12 16:30:00";20,42
"2020-04-12 16:35:00";21,73
"2020-04-12 16:40:00";21,43
"2020-04-12 16:45:00";19,72
"2020-04-12 16:50:00";21,36
"2020-04-12 16:55:00";21,77
"2020-04-12 17:00:00";23,4
"2020-04-12 17:05:00";20,22
"2020-04-12 17:10:00";20,01
"2020-04-12 17:15:00";22,69
"2020-04-12 17:20:00";22,82
"2020-04-12 17:25:00";21,74
"2020-04-12 17:30:00";21,18
"2020-04-12 17:35:00";21,79
"2020-04-12 17:40:00";21,19
"2020-04-12 17:45:00";23,09
"2020-04-12 17:50:00";27,34
"2020-04-12 17:55:00";19,07
"2020-04-12 18:00:00";21,55
"2020-04-12 18:05:00";20,19
"2020-04-12 18:10:00";20,39
"2020-04-12 18:15:00";20,91
"2020-04-12 18:20:00";22,01
"2020-04-12 18:25:00";22,23
"2020-04-12 18:30:00";21,36
"2020-04-12 18:35:00";22,17
"2020-04-12 18:40:00";23,03
"2020-04-12 18:45:00";26,14
"2020-04-12 18:50:00";26,49
"2020-04-12 18:55:00";25,83
"2020-04-12 19:00:00";24,82
"2020-04-12 19:05:00";25,39
"2020-04-12 19:10:00";25,99
"2020-04-12 19:15:00";26,33
"2020-04-12 19:20:00";27,06
"2020-04-12 19:25:00";27,33
"2020-04-12 19:30:00";26,88
"2020-04-12 19:35:00";27,68
"2020-04-12 19:40:00";27,92
"2020-04-12 19:45:00";26,9
"2020-04-12 19:50:00";26,76
"2020-04-12 19:55:00";27,11
"2020-04-12 20:00:00";27,01
"2020-04-12 20:05:00";26,29
"2020-04-12 20:10:00";26,64
"2020-04-12 20:15:00";26,48
"2020-04-12 20:20:00";27,53
"2020-04-12 20:25:00";28,58
"2020-04-12 20:30:00";26,03
"2020-04-12 20:35:00";26,16
"2020-04-12 20:40:00";25,01
"2020-04-12 20:45:00";25,04
"2020-04-12 20:50:00";25,63
"2020-04-12 20:55:00";24,29
"2020-04-12 21:00:00";24,91
"2020-04-12 21:05:00";23,25
"2020-04-12 21:10:00";21,96
"2020-04-12 21:15:00";22,7
"2020-04-12 21:20:00";22,14
"2020-04-12 21:25:00";22,85
"2020-04-12 21:30:00";22,47
"2020-04-12 21:35:00";22,18
"2020-04-12 21:40:00";21,23
"2020-04-12 21:45:00";20,97
"2020-04-12 21:50:00";21,84
"2020-04-12 21:55:00";21,31
"2020-04-12 22:00:00";21,63
"2020-04-12 22:05:00";22,68
"2020-04-12 22:10:00";23,81
"2020-04-12 22:15:00";22
"2020-04-12 22:20:00";21,49
"2020-04-12 22:25:00";21,42
"2020-04-12 22:30:00";20,83
"2020-04-12 22:35:00";20,73
"2020-04-12 22:40:00";21,13
"2020-04-12 22:45:00";21,17
"2020-04-12 22:50:00";21,09
"2020-04-12 22:55:00";20,69
"2020-04-12 23:00:00";20,6
"2020-04-12 23:05:00";20,52
"2020-04-12 23:10:00";20,9
"2020-04-12 23:15:00";22,25
"2020-04-12 23:20:00";22,29
"2020-04-12 23:25:00";22,45
"2020-04-12 23:30:00";22,48
"2020-04-12 23:35:00";22,17
"2020-04-12 23:40:00";20,51
"2020-04-12 23:45:00";20,4
"2020-04-12 23:50:00";20,08
"2020-04-12 23:55:00";20,13
"2020-04-13 00:00:00";19,77
"2020-04-13 00:05:00";19,24
"2020-04-13 00:10:00";19,53
"2020-04-13 00:15:00";19,7
"2020-04-13 00:20:00";20,23
"2020-04-13 00:25:00";20,02
"2020-04-13 00:30:00";19,8
"2020-04-13 00:35:00";19,91
"2020-04-13 00:40:00";19,58
"2020-04-13 00:45:00";19,16
"2020-04-13 00:50:00";19,14
"2020-04-13 00:55:00";19,42
"2020-04-13 01:00:00";19,43
"2020-04-13 01:05:00";19,43
"2020-04-13 01:10:00";19,64
"2020-04-13 01:15:00";19,63
"2020-04-13 01:20:00";19,21
"2020-04-13 01:25:00";19,27
"2020-04-13 01:30:00";19,17
"2020-04-13 01:35:00";19,51
"2020-04-13 01:40:00";20,07
"2020-04-13 01:45:00";19,67
"2020-04-13 01:50:00";19,58
"2020-04-13 01:55:00";19,09
"2020-04-13 02:00:00";18,82
"2020-04-13 02:05:00";20,01
"2020-04-13 02:10:00";20,51
"2020-04-13 02:15:00";20,24
"2020-04-13 02:20:00";19,29
"2020-04-13 02:25:00";19,06
"2020-04-13 02:30:00";19,1
"2020-04-13 02:35:00";18,85
"2020-04-13 02:40:00";18,64
"2020-04-13 02:45:00";18,88
"2020-04-13 02:50:00";18,91
"2020-04-13 02:55:00";18,89
"2020-04-13 03:00:00";18,85
"2020-04-13 03:05:00";18,75
"2020-04-13 03:10:00";18,9
"2020-04-13 03:15:00";18,68
"2020-04-13 03:20:00";18,93
"2020-04-13 03:25:00";19,15
"2020-04-13 03:30:00";18,8
"2020-04-13 03:35:00";18,84
"2020-04-13 03:40:00";19,02
"2020-04-13 03:45:00";19,05
"2020-04-13 03:50:00";18,97
"2020-04-13 03:55:00";19,21
"2020-04-13 04:00:00";19,12
"2020-04-13 04:05:00";18,91
"2020-04-13 04:10:00";18,79
"2020-04-13 04:15:00";18,78
"2020-04-13 04:20:00";18,53
"2020-04-13 04:25:00";18,56
"2020-04-13 04:30:00";18,75
"2020-04-13 04:35:00";18,81
"2020-04-13 04:40:00";18,74
"2020-04-13 04:45:00";18,58
"2020-04-13 04:50:00";18,66
"2020-04-13 04:55:00";18,59
"2020-04-13 05:00:00";19,08
"2020-04-13 05:05:00";19,22
"2020-04-13 05:10:00";19,34
"2020-04-13 05:15:00";18,77
"2020-04-13 05:20:00";18,1
"2020-04-13 05:25:00";18,02
"2020-04-13 05:30:00";17,97
"2020-04-13 05:35:00";18
"2020-04-13 05:40:00";18,58
"2020-04-13 05:45:00";18,07
"2020-04-13 05:50:00";19,04
"2020-04-13 05:55:00";20,58
"2020-04-13 06:00:00";20,23
"2020-04-13 06:05:00";19,83
"2020-04-13 06:10:00";19,9
"2020-04-13 06:15:00";19,74
"2020-04-13 06:20:00";19,14
"2020-04-13 06:25:00";19,79
"2020-04-13 06:30:00";21,6
"2020-04-13 06:35:00";19,5
"2020-04-13 06:40:00";19,27
"2020-04-13 06:45:00";19,14
"2020-04-13 06:50:00";19,34
"2020-04-13 06:55:00";20,24
"2020-04-13 07:00:00";21,15
"2020-04-13 07:05:00";21,57
"2020-04-13 07:10:00";22,07
"2020-04-13 07:15:00";21,68
"2020-04-13 07:20:00";21,57
"2020-04-13 07:25:00";22,47
"2020-04-13 07:30:00";23,08
"2020-04-13 07:35:00";22,23
"2020-04-13 07:40:00";21,12
"2020-04-13 07:45:00";20,95
"2020-04-13 07:50:00";21,89
"2020-04-13 07:55:00";20,15
"2020-04-13 08:00:00";20,88
"2020-04-13 08:05:00";22,23
"2020-04-13 08:10:00";20,74
"2020-04-13 08:15:00";22,74
"2020-04-13 08:20:00";21,39
"2020-04-13 08:25:00";24,78
"2020-04-13 08:30:00";21,1
"2020-04-13 08:35:00";23,59
"2020-04-13 08:40:00";24,25
"2020-04-13 08:45:00";25,1
"2020-04-13 08:50:00";21,31
"2020-04-13 08:55:00";21,95
"2020-04-13 09:00:00";22,11
"2020-04-13 09:05:00";22,1
"2020-04-13 09:10:00";23,59
"2020-04-13 09:15:00";22,5
"2020-04-13 09:20:00";23,3
"2020-04-13 09:25:00";23,3
"2020-04-13 09:30:00";21,83
"2020-04-13 09:35:00";22,08
"2020-04-13 09:40:00";24,88
"2020-04-13 09:45:00";24,38
"2020-04-13 09:50:00";23,43
"2020-04-13 09:55:00";22,24
"2020-04-13 10:00:00";23,66
"2020-04-13 10:05:00";23,28
"2020-04-13 10:10:00";23,14
"2020-04-13 10:15:00";22,45
"2020-04-13 10:20:00";22,75
"2020-04-13 10:25:00";24,08
"2020-04-13 10:30:00";24,15
"2020-04-13 10:35:00";22,78
"2020-04-13 10:40:00";24,19
"2020-04-13 10:45:00";23,49
"2020-04-13 10:50:00";20,45
"2020-04-13 10:55:00";24,56
"2020-04-13 11:00:00";24,06
"2020-04-13 11:05:00";26,22
"2020-04-13 11:10:00";25,67
"2020-04-13 11:15:00";25,47
"2020-04-13 11:20:00";25,09
"2020-04-13 11:25:00";25,28
"2020-04-13 11:30:00";25,03
"2020-04-13 11:35:00";23,87
"2020-04-13 11:40:00";23,7
"2020-04-13 11:45:00";23,71
"2020-04-13 11:50:00";23,9
"2020-04-13 11:55:00";24,77
"2020-04-13 12:00:00";25,87
"2020-04-13 12:05:00";24,89
"2020-04-13 12:10:00";23,85
"2020-04-13 12:15:00";24,92
"2020-04-13 12:20:00";26,06
"2020-04-13 12:25:00";25,58
"2020-04-13 12:30:00";25,59
"2020-04-13 12:35:00";27,07
"2020-04-13 12:40:00";25,56
"2020-04-13 12:45:00";25,04
"2020-04-13 12:50:00";24,45
"2020-04-13 12:55:00";24,75
"2020-04-13 13:00:00";25,66
"2020-04-13 13:05:00";23,83
"2020-04-13 13:10:00";24,3
"2020-04-13 13:15:00";25,21
"2020-04-13 13:20:00";25,07
"2020-04-13 13:25:00";25,33
"2020-04-13 13:30:00";23,58
"2020-04-13 13:35:00";25,44
"2020-04-13 13:40:00";23,21
"2020-04-13 13:45:00";23,05
"2020-04-13 13:50:00";23,32
"2020-04-13 13:55:00";22,85
"2020-04-13 14:00:00";22,25
"2020-04-13 14:05:00";22,82
"2020-04-13 14:10:00";24,61
"2020-04-13 14:15:00";24,45
"2020-04-13 14:20:00";23,84
"2020-04-13 14:25:00";22,87
"2020-04-13 14:30:00";23,2
"2020-04-13 14:35:00";22,79
"2020-04-13 14:40:00";23,42
"2020-04-13 14:45:00";24,82
"2020-04-13 14:50:00";25,45
"2020-04-13 14:55:00";24,87
"2020-04-13 15:00:00";26,16
"2020-04-13 15:05:00";24,49
"2020-04-13 15:10:00";23,71
"2020-04-13 15:15:00";25,03
"2020-04-13 15:20:00";26,45
"2020-04-13 15:25:00";23,96
"2020-04-13 15:30:00";24,8
"2020-04-13 15:35:00";23,45
"2020-04-13 15:40:00";26,76
"2020-04-13 15:45:00";26,85
"2020-04-13 15:50:00";26,89
"2020-04-13 15:55:00";28,99
"2020-04-13 16:00:00";27,74
"2020-04-13 16:05:00";28,19
"2020-04-13 16:10:00";26,01
"2020-04-13 16:15:00";25,23
"2020-04-13 16:20:00";26,8
"2020-04-13 16:25:00";25,47
"2020-04-13 16:30:00";24,77
"2020-04-13 16:35:00";25,42
"2020-04-13 16:40:00";24,63
"2020-04-13 16:45:00";24,87
"2020-04-13 16:50:00";24
"2020-04-13 16:55:00";23,7
"2020-04-13 17:00:00";23,99
"2020-04-13 17:05:00";19,49
"2020-04-13 17:10:00";23,8
"2020-04-13 17:15:00";24,53
"2020-04-13 17:20:00";22,87
"2020-04-13 17:25:00";22,47
"2020-04-13 17:30:00";21,55
"2020-04-13 17:35:00";23,95
"2020-04-13 17:40:00";23,75
"2020-04-13 17:45:00";22,99
"2020-04-13 17:50:00";23,07
"2020-04-13 17:55:00";22,7
"2020-04-13 18:00:00";23,52
"2020-04-13 18:05:00";22,74
"2020-04-13 18:10:00";23,45
"2020-04-13 18:15:00";24,57
"2020-04-13 18:20:00";23,81
"2020-04-13 18:25:00";24,3
"2020-04-13 18:30:00";25,12
"2020-04-13 18:35:00";23,73
"2020-04-13 18:40:00";26,47
"2020-04-13 18:45:00";25,29
"2020-04-13 18:50:00";24,54
"2020-04-13 18:55:00";26,32
"2020-04-13 19:00:00";26,94
"2020-04-13 19:05:00";24,91
"2020-04-13 19:10:00";25,84
"2020-04-13 19:15:00";25,53
"2020-04-13 19:20:00";24,64
"2020-04-13 19:25:00";24,77
"2020-04-13 19:30:00";25,31
"2020-04-13 19:35:00";23,91
"2020-04-13 19:40:00";24,64
"2020-04-13 19:45:00";25,09
"2020-04-13 19:50:00";25,97
"2020-04-13 19:55:00";23,8
"2020-04-13 20:00:00";25,59
"2020-04-13 20:05:00";25,23
"2020-04-13 20:10:00";25,67
"2020-04-13 20:15:00";24,55
"2020-04-13 20:20:00";23,37
"2020-04-13 20:25:00";23,38
"2020-04-13 20:30:00";24,26
"2020-04-13 20:35:00";23,44
"2020-04-13 20:40:00";24,84
"2020-04-13 20:45:00";23,52
"2020-04-13 20:50:00";23,71
"2020-04-13 20:55:00";23,65
"2020-04-13 21:00:00";23,31
"2020-04-13 21:05:00";20,54
"2020-04-13 21:10:00";20,64
"2020-04-13 21:15:00";21,29
"2020-04-13 21:20:00";21,47
"2020-04-13 21:25:00";22,23
"2020-04-13 21:30:00";21,5
"2020-04-13 21:35:00";23,24
"2020-04-13 21:40:00";24,51
"2020-04-13 21:45:00";22,27
"2020-04-13 21:50:00";23,32
"2020-04-13 21:55:00";22,87
"2020-04-13 22:00:00";21,83
"2020-04-13 22:05:00";22,06
"2020-04-13 22:10:00";22,71
"2020-04-13 22:15:00";21,42
"2020-04-13 22:20:00";22,83
"2020-04-13 22:25:00";21,83
"2020-04-13 22:30:00";23,89
"2020-04-13 22:35:00";25,56
"2020-04-13 22:40:00";24,91
"2020-04-13 22:45:00";23,63
"2020-04-13 22:50:00";22,39
"2020-04-13 22:55:00";21,37
"2020-04-13 23:00:00";21,83
"2020-04-13 23:05:00";21,74
"2020-04-13 23:10:00";22,57
"2020-04-13 23:15:00";21,95
"2020-04-13 23:20:00";21,48
"2020-04-13 23:25:00";20,62
"2020-04-13 23:30:00";20,9
"2020-04-13 23:35:00";20,37
"2020-04-13 23:40:00";20,22
"2020-04-13 23:45:00";19,97
"2020-04-13 23:50:00";21,26
"2020-04-13 23:55:00";20,57
"2020-04-14 00:00:00";20,15
"2020-04-14 00:05:00";20,29
"2020-04-14 00:10:00";20,17
"2020-04-14 00:15:00";19,73
"2020-04-14 00:20:00";20,2
"2020-04-14 00:25:00";20,54
"2020-04-14 00:30:00";20,34
"2020-04-14 00:35:00";20
"2020-04-14 00:40:00";19,9
"2020-04-14 00:45:00";19,58
"2020-04-14 00:50:00";19,59
"2020-04-14 00:55:00";19,54
"2020-04-14 01:00:00";19,59
"2020-04-14 01:05:00";19,93
"2020-04-14 01:10:00";19,84
"2020-04-14 01:15:00";19,49
"2020-04-14 01:20:00";19,12
"2020-04-14 01:25:00";19,09
"2020-04-14 01:30:00";18,98
"2020-04-14 01:35:00";19,3
"2020-04-14 01:40:00";19,13
"2020-04-14 01:45:00";18,89
"2020-04-14 01:50:00";19,17
"2020-04-14 01:55:00";19,46
"2020-04-14 02:00:00";19,49
"2020-04-14 02:05:00";19,32
"2020-04-14 02:10:00";18,98
"2020-04-14 02:15:00";18,65
"2020-04-14 02:20:00";18,67
"2020-04-14 02:25:00";18,8
"2020-04-14 02:30:00";18,72
"2020-04-14 02:35:00";19,3
"2020-04-14 02:40:00";18,87
"2020-04-14 02:45:00";18,56
"2020-04-14 02:50:00";18,4
"2020-04-14 02:55:00";18,65
"2020-04-14 03:00:00";18,7
"2020-04-14 03:05:00";18,71
"2020-04-14 03:10:00";18,97
"2020-04-14 03:15:00";19,04
"2020-04-14 03:20:00";18,94
"2020-04-14 03:25:00";18,57
"2020-04-14 03:30:00";18,6
"2020-04-14 03:35:00";18,55
"2020-04-14 03:40:00";18,44
"2020-04-14 03:45:00";18,52
"2020-04-14 03:50:00";19,01
"2020-04-14 03:55:00";19,25
"2020-04-14 04:00:00";18,76
"2020-04-14 04:05:00";18,52
"2020-04-14 04:10:00";18,69
"2020-04-14 04:15:00";18,76
"2020-04-14 04:20:00";18,7
"2020-04-14 04:25:00";18,64
"2020-04-14 04:30:00";19,03
"2020-04-14 04:35:00";19,05
"2020-04-14 04:40:00";18,47
"2020-04-14 04:45:00";18,47
"2020-04-14 04:50:00";18,43
"2020-04-14 04:55:00";18,87
"2020-04-14 05:00:00";19,49
"2020-04-14 05:05:00";19,4
"2020-04-14 05:10:00";19,27
"2020-04-14 05:15:00";19,13
"2020-04-14 05:20:00";18,64
"2020-04-14 05:25:00";19,47
"2020-04-14 05:30:00";20,8
"2020-04-14 05:35:00";20,27
"2020-04-14 05:40:00";19,31
"2020-04-14 05:45:00";19,68
"2020-04-14 05:50:00";20,77
"2020-04-14 05:55:00";20,05
"2020-04-14 06:00:00";20,96
"2020-04-14 06:05:00";21,04
"2020-04-14 06:10:00";20,88
"2020-04-14 06:15:00";20,26
"2020-04-14 06:20:00";19,88
"2020-04-14 06:25:00";20,78
"2020-04-14 06:30:00";21,19
"2020-04-14 06:35:00";19,85
"2020-04-14 06:40:00";20,36
"2020-04-14 06:45:00";20,21
"2020-04-14 06:50:00";20,34
"2020-04-14 06:55:00";21,07
"2020-04-14 07:00:00";22,99
"2020-04-14 07:05:00";23,23
"2020-04-14 07:10:00";24,02
"2020-04-14 07:15:00";22,9
"2020-04-14 07:20:00";23,29
"2020-04-14 07:25:00";24,33
"2020-04-14 07:30:00";25,2
"2020-04-14 07:35:00";24,28
"2020-04-14 07:40:00";24,28
"2020-04-14 07:45:00";23,96
"2020-04-14 07:50:00";24,4
"2020-04-14 07:55:00";24,25
"2020-04-14 08:00:00";24,64
"2020-04-14 08:05:00";24,98
"2020-04-14 08:10:00";23,37
"2020-04-14 08:15:00";23,75
"2020-04-14 08:20:00";23,61
"2020-04-14 08:25:00";25,19
"2020-04-14 08:30:00";24,91
"2020-04-14 08:35:00";23,46
"2020-04-14 08:40:00";23,34
"2020-04-14 08:45:00";22,85
"2020-04-14 08:50:00";23,4
"2020-04-14 08:55:00";22,61
"2020-04-14 09:00:00";22,14
"2020-04-14 09:05:00";21,97
"2020-04-14 09:10:00";22,07
"2020-04-14 09:15:00";22,14
"2020-04-14 09:20:00";22,19
"2020-04-14 09:25:00";22,17
"2020-04-14 09:30:00";22,6
"2020-04-14 09:35:00";23,98
"2020-04-14 09:40:00";24,14
"2020-04-14 09:45:00";23,69
"2020-04-14 09:50:00";24,05
"2020-04-14 09:55:00";22,58
"2020-04-14 10:00:00";21,95
"2020-04-14 10:05:00";21,26
"2020-04-14 10:10:00";22,42
"2020-04-14 10:15:00";23,41
"2020-04-14 10:20:00";23,82
"2020-04-14 10:25:00";23,53
"2020-04-14 10:30:00";23,17
"2020-04-14 10:35:00";22,59
"2020-04-14 10:40:00";22,93
"2020-04-14 10:45:00";23,12
"2020-04-14 10:50:00";22,3
"2020-04-14 10:55:00";25,67
"2020-04-14 11:00:00";23,7
"2020-04-14 11:05:00";22,45
"2020-04-14 11:10:00";24,3
"2020-04-14 11:15:00";23,68
"2020-04-14 11:20:00";24,17
"2020-04-14 11:25:00";24,46
"2020-04-14 11:30:00";26,39
"2020-04-14 11:35:00";23,37
"2020-04-14 11:40:00";23,5
"2020-04-14 11:45:00";27,15
"2020-04-14 11:50:00";26,82
"2020-04-14 11:55:00";26,58
"2020-04-14 12:00:00";25,17
"2020-04-14 12:05:00";24,4
"2020-04-14 12:10:00";25,38
"2020-04-14 12:15:00";23,9
"2020-04-14 12:20:00";24,3
"2020-04-14 12:25:00";25,71
"2020-04-14 12:30:00";25,3
"2020-04-14 12:35:00";26,53
"2020-04-14 12:40:00";26,41
"2020-04-14 12:45:00";25,91
"2020-04-14 12:50:00";22,95
"2020-04-14 12:55:00";22,42
"2020-04-14 13:00:00";24,11
"2020-04-14 13:05:00";24,66
"2020-04-14 13:10:00";24,8
"2020-04-14 13:15:00";24,91
"2020-04-14 13:20:00";27,22
"2020-04-14 13:25:00";27,98
"2020-04-14 13:30:00";26,58
"2020-04-14 13:35:00";26,86
"2020-04-14 13:40:00";26,67
"2020-04-14 13:45:00";25,49
"2020-04-14 13:50:00";25,2
"2020-04-14 13:55:00";23,9
"2020-04-14 14:00:00";22,51
"2020-04-14 14:05:00";23,02
"2020-04-14 14:10:00";22,58
"2020-04-14 14:15:00";23,68
"2020-04-14 14:20:00";24,76
"2020-04-14 14:25:00";22,86
"2020-04-14 14:30:00";21,47
"2020-04-14 14:35:00";18,84
"2020-04-14 14:40:00";19,06
"2020-04-14 14:45:00";18,14
"2020-04-14 14:50:00";18,36
"2020-04-14 14:55:00";20,42
"2020-04-14 15:00:00";21,97
"2020-04-14 15:05:00";22,69
"2020-04-14 15:10:00";20,6
"2020-04-14 15:15:00";20,39
"2020-04-14 15:20:00";21,44
"2020-04-14 15:25:00";20,2
"2020-04-14 15:30:00";21,89
"2020-04-14 15:35:00";19,48
"2020-04-14 15:40:00";19,28
"2020-04-14 15:45:00";21,66
"2020-04-14 15:50:00";23,89
"2020-04-14 15:55:00";22,17
"2020-04-14 16:00:00";21,02
"2020-04-14 16:05:00";20,67
"2020-04-14 16:10:00";21,88
"2020-04-14 16:15:00";22,15
"2020-04-14 16:20:00";19,87
"2020-04-14 16:25:00";20,15
"2020-04-14 16:30:00";20,75
"2020-04-14 16:35:00";20,58
"2020-04-14 16:40:00";18,29
"2020-04-14 16:45:00";18,06
"2020-04-14 16:50:00";18,6
"2020-04-14 16:55:00";18,73
"2020-04-14 17:00:00";19,19
"2020-04-14 17:05:00";18,79
"2020-04-14 17:10:00";19,79
"2020-04-14 17:15:00";19,88
"2020-04-14 17:20:00";21,18
"2020-04-14 17:25:00";21,96
"2020-04-14 17:30:00";22,85
"2020-04-14 17:35:00";21,46
"2020-04-14 17:40:00";20,88
"2020-04-14 17:45:00";20,12
"2020-04-14 17:50:00";19,45
"2020-04-14 17:55:00";19,94
"2020-04-14 18:00:00";19,01
"2020-04-14 18:05:00";19,97
"2020-04-14 18:10:00";20,01
"2020-04-14 18:15:00";20,4
"2020-04-14 18:20:00";20,93
"2020-04-14 18:25:00";21,05
"2020-04-14 18:30:00";26,29
"2020-04-14 18:35:00";24,85
"2020-04-14 18:40:00";24,44
"2020-04-14 18:45:00";24,52
"2020-04-14 18:50:00";24,03
"2020-04-14 18:55:00";25,02
"2020-04-14 19:00:00";26,66
"2020-04-14 19:05:00";26,93
"2020-04-14 19:10:00";24,67
"2020-04-14 19:15:00";23,07
"2020-04-14 19:20:00";23,18
"2020-04-14 19:25:00";23,44
"2020-04-14 19:30:00";24,89
"2020-04-14 19:35:00";25,11
"2020-04-14 19:40:00";25,3
"2020-04-14 19:45:00";25,69
"2020-04-14 19:50:00";25,93
"2020-04-14 19:55:00";24,87
"2020-04-14 20:00:00";24,38
"2020-04-14 20:05:00";24,68
"2020-04-14 20:10:00";23,87
"2020-04-14 20:15:00";22,8
"2020-04-14 20:20:00";21,35
"2020-04-14 20:25:00";21,01
"2020-04-14 20:30:00";21,13
"2020-04-14 20:35:00";21,81
"2020-04-14 20:40:00";21,93
"2020-04-14 20:45:00";21,95
"2020-04-14 20:50:00";22,31
"2020-04-14 20:55:00";21,21
"2020-04-14 21:00:00";21,1
"2020-04-14 21:05:00";20,31
"2020-04-14 21:10:00";20,77
"2020-04-14 21:15:00";21,27
"2020-04-14 21:20:00";21,36
"2020-04-14 21:25:00";21,98
"2020-04-14 21:30:00";21,55
"2020-04-14 21:35:00";21
"2020-04-14 21:40:00";21,1
"2020-04-14 21:45:00";21,06
"2020-04-14 21:50:00";21,76
"2020-04-14 21:55:00";21,51
"2020-04-14 22:00:00";21,32
"2020-04-14 22:05:00";22,39
"2020-04-14 22:10:00";21,58
"2020-04-14 22:15:00";21,28
"2020-04-14 22:20:00";21,72
"2020-04-14 22:25:00";21,09
"2020-04-14 22:30:00";20,82
"2020-04-14 22:35:00";21,16
"2020-04-14 22:40:00";21,1
"2020-04-14 22:45:00";20,8
"2020-04-14 22:50:00";21,55
"2020-04-14 22:55:00";22,73
"2020-04-14 23:00:00";21,95
"2020-04-14 23:05:00";20,46
"2020-04-14 23:10:00";20,93
"2020-04-14 23:15:00";21,01
"2020-04-14 23:20:00";20,93
"2020-04-14 23:25:00";20,99
"2020-04-14 23:30:00";21,16
"2020-04-14 23:35:00";20,14
"2020-04-14 23:40:00";20,3
"2020-04-14 23:45:00";20,05
"2020-04-14 23:50:00";19,61
"2020-04-14 23:55:00";19,67
"2020-04-15 00:00:00";20,95
"2020-04-15 00:05:00";22,07
"2020-04-15 00:10:00";20,8
"2020-04-15 00:15:00";20,39
"2020-04-15 00:20:00";20,08
"2020-04-15 00:25:00";20,18
"2020-04-15 00:30:00";20,04
"2020-04-15 00:35:00";19,88
"2020-04-15 00:40:00";19,91
"2020-04-15 00:45:00";19,99
"2020-04-15 00:50:00";20,39
"2020-04-15 00:55:00";20,17
"2020-04-15 01:00:00";19,75
"2020-04-15 01:05:00";19,62
"2020-04-15 01:10:00";19,22
"2020-04-15 01:15:00";19,44
"2020-04-15 01:20:00";19,54
"2020-04-15 01:25:00";19,29
"2020-04-15 01:30:00";19,09
"2020-04-15 01:35:00";19,11
"2020-04-15 01:40:00";19,39
"2020-04-15 01:45:00";19,41
"2020-04-15 01:50:00";19,36
"2020-04-15 01:55:00";18,98
"2020-04-15 02:00:00";18,81
"2020-04-15 02:05:00";18,75
"2020-04-15 02:10:00";18,66
"2020-04-15 02:15:00";18,91
"2020-04-15 02:20:00";19,09
"2020-04-15 02:25:00";19,29
"2020-04-15 02:30:00";19,5
"2020-04-15 02:35:00";19,44
"2020-04-15 02:40:00";19,36
"2020-04-15 02:45:00";19,02
"2020-04-15 02:50:00";18,68
"2020-04-15 02:55:00";18,67
"2020-04-15 03:00:00";18,98
"2020-04-15 03:05:00";18,94
"2020-04-15 03:10:00";18,97
"2020-04-15 03:15:00";19,03
"2020-04-15 03:20:00";19
"2020-04-15 03:25:00";18,89
"2020-04-15 03:30:00";18,71
"2020-04-15 03:35:00";18,73
"2020-04-15 03:40:00";19,17
"2020-04-15 03:45:00";19,19
"2020-04-15 03:50:00";19,02
"2020-04-15 03:55:00";18,71
"2020-04-15 04:00:00";19,34
"2020-04-15 04:05:00";18,87
"2020-04-15 04:10:00";19,07
"2020-04-15 04:15:00";19,47
"2020-04-15 04:20:00";19,13
"2020-04-15 04:25:00";19,01
"2020-04-15 04:30:00";19,15
"2020-04-15 04:35:00";18,8
"2020-04-15 04:40:00";19,24
"2020-04-15 04:45:00";18,86
"2020-04-15 04:50:00";19,01
"2020-04-15 04:55:00";18,97
"2020-04-15 05:00:00";18,7
"2020-04-15 05:05:00";18,7
"2020-04-15 05:10:00";18,77
"2020-04-15 05:15:00";18,07
"2020-04-15 05:20:00";17,53
"2020-04-15 05:25:00";17,99
"2020-04-15 05:30:00";17,66
"2020-04-15 05:35:00";17,99
"2020-04-15 05:40:00";18
"2020-04-15 05:45:00";17,64
"2020-04-15 05:50:00";18,18
"2020-04-15 05:55:00";17,59
"2020-04-15 06:00:00";16,61
"2020-04-15 06:05:00";17
"2020-04-15 06:10:00";17,25
"2020-04-15 06:15:00";17,21
"2020-04-15 06:20:00";17,61
"2020-04-15 06:25:00";17,57
"2020-04-15 06:30:00";17,44
"2020-04-15 06:35:00";16,71
"2020-04-15 06:40:00";17,28
"2020-04-15 06:45:00";17,68
"2020-04-15 06:50:00";17,02
"2020-04-15 06:55:00";17,31
"2020-04-15 07:00:00";17,34
"2020-04-15 07:05:00";17,73
"2020-04-15 07:10:00";17,02
"2020-04-15 07:15:00";17,36
"2020-04-15 07:20:00";18,1
"2020-04-15 07:25:00";18,21
"2020-04-15 07:30:00";17,84
"2020-04-15 07:35:00";18,7
"2020-04-15 07:40:00";18,45
"2020-04-15 07:45:00";18,4
"2020-04-15 07:50:00";19,44
"2020-04-15 07:55:00";18,34
"2020-04-15 08:00:00";19,38
"2020-04-15 08:05:00";20,23
"2020-04-15 08:10:00";18,12
"2020-04-15 08:15:00";18,89
"2020-04-15 08:20:00";19,27
"2020-04-15 08:25:00";18,52
"2020-04-15 08:30:00";19,17
"2020-04-15 08:35:00";19,95
"2020-04-15 08:40:00";19,39
"2020-04-15 08:45:00";17,72
"2020-04-15 08:50:00";20,59
"2020-04-15 08:55:00";18,27
"2020-04-15 09:00:00";20,01
"2020-04-15 09:05:00";15,32
"2020-04-15 09:10:00";18,13
"2020-04-15 09:15:00";16,64
"2020-04-15 09:20:00";15,84
"2020-04-15 09:25:00";19,04
"2020-04-15 09:30:00";18,95
"2020-04-15 09:35:00";17,89
"2020-04-15 09:40:00";17,51
"2020-04-15 09:45:00";17,82
"2020-04-15 09:50:00";17,95
"2020-04-15 09:55:00";15,17
"2020-04-15 10:00:00";19,15
"2020-04-15 10:05:00";16,21
"2020-04-15 10:10:00";19,24
"2020-04-15 10:15:00";17,35
"2020-04-15 10:20:00";18,06
"2020-04-15 10:25:00";18,14
"2020-04-15 10:30:00";18,12
"2020-04-15 10:35:00";17,39
"2020-04-15 10:40:00";19,02
"2020-04-15 10:45:00";18,23
"2020-04-15 10:50:00";18,26
"2020-04-15 10:55:00";18,5
"2020-04-15 11:00:00";19,83
"2020-04-15 11:05:00";18,38
"2020-04-15 11:10:00";18,64
"2020-04-15 11:15:00";17,33
"2020-04-15 11:20:00";18,53
"2020-04-15 11:25:00";20,74
"2020-04-15 11:35:00";21,74
"2020-04-15 11:40:00";21,49
"2020-04-15 11:45:00";20,99
"2020-04-15 11:50:00";23,25
"2020-04-15 11:55:00";23,28
"2020-04-15 12:00:00";22,25
"2020-04-15 12:05:00";22,36
"2020-04-15 12:10:00";25,06
"2020-04-15 12:15:00";25,33
"2020-04-15 12:20:00";24,43
"2020-04-15 12:25:00";24,52
"2020-04-15 12:30:00";22,38
"2020-04-15 12:35:00";22,05
"2020-04-15 12:40:00";21,56
"2020-04-15 12:45:00";20,16
"2020-04-15 12:50:00";20,86
"2020-04-15 12:55:00";20,06
"2020-04-15 13:00:00";19,92
"2020-04-15 13:05:00";19,7
"2020-04-15 13:10:00";18,99
"2020-04-15 13:15:00";18,3
"2020-04-15 13:20:00";19,77
"2020-04-15 13:25:00";18,89
"2020-04-15 13:30:00";19,62
"2020-04-15 13:35:00";20,97
"2020-04-15 13:40:00";20,92
"2020-04-15 13:45:00";20,79
"2020-04-15 13:50:00";20,59
"2020-04-15 13:55:00";20,1
"2020-04-15 14:00:00";19,55
"2020-04-15 14:05:00";20,23
"2020-04-15 14:10:00";20,24
"2020-04-15 14:15:00";20,42
"2020-04-15 14:20:00";20,31
"2020-04-15 14:25:00";22,47
"2020-04-15 14:30:00";23,06
"2020-04-15 14:35:00";22,58
"2020-04-15 14:40:00";25,24
"2020-04-15 14:45:00";24,36
"2020-04-15 14:50:00";23,72
"2020-04-15 14:55:00";23,24
"2020-04-15 15:00:00";23,47
"2020-04-15 15:05:00";21,26
"2020-04-15 15:10:00";22,04
"2020-04-15 15:15:00";22,28
"2020-04-15 15:20:00";21,1
"2020-04-15 15:25:00";20,64
"2020-04-15 15:30:00";21,23
"2020-04-15 15:35:00";21,43
"2020-04-15 15:40:00";19,73
"2020-04-15 15:45:00";19,94
"2020-04-15 15:50:00";19,38
"2020-04-15 15:55:00";19,65
"2020-04-15 16:00:00";19,91
"2020-04-15 16:05:00";20,9
"2020-04-15 16:10:00";20,36
"2020-04-15 16:15:00";20,74
"2020-04-15 16:20:00";18,66
"2020-04-15 16:25:00";17,51
"2020-04-15 16:30:00";18,93
"2020-04-15 16:35:00";18,02
"2020-04-15 16:40:00";18,58
"2020-04-15 16:45:00";19,45
"2020-04-15 16:50:00";18,7
"2020-04-15 16:55:00";18,58
"2020-04-15 17:00:00";18,6
"2020-04-15 17:05:00";18,4
"2020-04-15 17:10:00";17,06
"2020-04-15 17:15:00";17,95
"2020-04-15 17:20:00";17,53
"2020-04-15 17:25:00";17,74
"2020-04-15 17:30:00";19,71
"2020-04-15 17:35:00";19,7
"2020-04-15 17:40:00";19,51
"2020-04-15 17:45:00";16,93
"2020-04-15 17:50:00";17,75
"2020-04-15 17:55:00";17,69
"2020-04-15 18:00:00";17,97
"2020-04-15 18:05:00";20,65
"2020-04-15 18:10:00";21,08
"2020-04-15 18:15:00";20,55
"2020-04-15 18:20:00";19,87
"2020-04-15 18:25:00";18,3
"2020-04-15 18:30:00";18,71
"2020-04-15 18:35:00";21,32
"2020-04-15 18:40:00";16,3
"2020-04-15 18:45:00";22,97
"2020-04-15 18:50:00";22,26
"2020-04-15 18:55:00";24,43
"2020-04-15 19:00:00";24,51
"2020-04-15 19:05:00";21,74
"2020-04-15 19:10:00";21,28
"2020-04-15 19:15:00";24,62
"2020-04-15 19:20:00";25,12
"2020-04-15 19:25:00";24,31
"2020-04-15 19:30:00";25,82
"2020-04-15 19:35:00";23,53
"2020-04-15 19:40:00";23,53
"2020-04-15 19:45:00";21,76
"2020-04-15 19:50:00";21,89
"2020-04-15 19:55:00";23,18
"2020-04-15 20:00:00";23,12
"2020-04-15 20:05:00";21,88
"2020-04-15 20:10:00";23,15
"2020-04-15 20:15:00";22,35
"2020-04-15 20:20:00";22,79
"2020-04-15 20:25:00";22,18
"2020-04-15 20:30:00";22,16
"2020-04-15 20:35:00";22,73
"2020-04-15 20:40:00";23,45
"2020-04-15 20:45:00";23,38
"2020-04-15 20:50:00";21,98
"2020-04-15 20:55:00";22,06
"2020-04-15 21:00:00";22,44
"2020-04-15 21:05:00";21,7
"2020-04-15 21:10:00";21,78
"2020-04-15 21:15:00";22,78
"2020-04-15 21:20:00";21,84
"2020-04-15 21:25:00";21,26
"2020-04-15 21:30:00";21,49
"2020-04-15 21:35:00";21,39
"2020-04-15 21:40:00";22,66
"2020-04-15 21:45:00";22,9
"2020-04-15 21:50:00";22,68
"2020-04-15 21:55:00";22,63
"2020-04-15 22:00:00";22,4
"2020-04-15 22:05:00";23,29
"2020-04-15 22:10:00";21,64
"2020-04-15 22:15:00";21,69
"2020-04-15 22:20:00";21,3
"2020-04-15 22:25:00";21,13
"2020-04-15 22:30:00";20,92
"2020-04-15 22:35:00";20,9
"2020-04-15 22:40:00";21,2
"2020-04-15 22:45:00";21,43
"2020-04-15 22:50:00";21,4
"2020-04-15 22:55:00";21,05
"2020-04-15 23:00:00";20,97
"2020-04-15 23:05:00";21,07
"2020-04-15 23:10:00";21,2
"2020-04-15 23:15:00";20,9
"2020-04-15 23:20:00";20,99
"2020-04-15 23:25:00";21,16
"2020-04-15 23:30:00";21,32
"2020-04-15 23:35:00";21,29
"2020-04-15 23:40:00";20,36
"2020-04-15 23:45:00";19,66
"2020-04-15 23:50:00";20,02
"2020-04-15 23:55:00";20,16
"2020-04-16 00:00:00";20,12
"2020-04-16 00:05:00";19,68
"2020-04-16 00:10:00";19,99
"2020-04-16 00:15:00";19,9
"2020-04-16 00:20:00";19,52
"2020-04-16 00:25:00";19,81
"2020-04-16 00:30:00";21,63
"2020-04-16 00:35:00";22
"2020-04-16 00:40:00";20,59
"2020-04-16 00:45:00";20,66
"2020-04-16 00:50:00";20,26
"2020-04-16 00:55:00";19,77
"2020-04-16 01:00:00";20,03
"2020-04-16 01:05:00";19,66
"2020-04-16 01:10:00";19,4
"2020-04-16 01:15:00";19,51
"2020-04-16 01:20:00";20,08
"2020-04-16 01:25:00";19,38
"2020-04-16 01:30:00";19,22
"2020-04-16 01:35:00";19,03
"2020-04-16 01:40:00";19,23
"2020-04-16 01:45:00";19,22
"2020-04-16 01:50:00";19,67
"2020-04-16 01:55:00";20,06
"2020-04-16 02:00:00";19,64
"2020-04-16 02:05:00";19,74
"2020-04-16 02:10:00";19,1
"2020-04-16 02:15:00";18,8
"2020-04-16 02:20:00";18,75
"2020-04-16 02:25:00";18,86
"2020-04-16 02:30:00";19,21
"2020-04-16 02:35:00";19,2
"2020-04-16 02:40:00";19,38
"2020-04-16 02:45:00";18,96
"2020-04-16 02:50:00";18,98
"2020-04-16 02:55:00";20,03
"2020-04-16 03:00:00";19,19
"2020-04-16 03:05:00";18,87
"2020-04-16 03:10:00";18,76
"2020-04-16 03:15:00";18,64
"2020-04-16 03:20:00";18,66
"2020-04-16 03:25:00";18,73
"2020-04-16 03:30:00";18,57
"2020-04-16 03:35:00";18,61
"2020-04-16 03:40:00";18,74
"2020-04-16 03:45:00";18,7
"2020-04-16 03:50:00";18,95
"2020-04-16 03:55:00";19
"2020-04-16 04:00:00";19,1
"2020-04-16 04:05:00";18,93
"2020-04-16 04:10:00";18,77
"2020-04-16 04:15:00";18,94
"2020-04-16 04:20:00";19,04
"2020-04-16 04:25:00";19,1
"2020-04-16 04:30:00";19,23
"2020-04-16 04:35:00";19,63
"2020-04-16 04:40:00";19,64
"2020-04-16 04:45:00";19,94
"2020-04-16 04:50:00";18,95
"2020-04-16 04:55:00";18,93
"2020-04-16 05:00:00";19,5
"2020-04-16 05:05:00";19,28
"2020-04-16 05:10:00";18,84
"2020-04-16 05:15:00";18
"2020-04-16 05:20:00";18,16
"2020-04-16 05:25:00";18,31
"2020-04-16 05:30:00";17,77
"2020-04-16 05:35:00";17,92
"2020-04-16 05:40:00";18,31
"2020-04-16 05:45:00";17,8
"2020-04-16 05:50:00";18,97
"2020-04-16 05:55:00";17,51
"2020-04-16 06:00:00";17,47
"2020-04-16 06:05:00";17,29
"2020-04-16 06:10:00";18,11
"2020-04-16 06:15:00";18,01
"2020-04-16 06:20:00";17,38
"2020-04-16 06:25:00";17,38
"2020-04-16 06:30:00";17,5
"2020-04-16 06:35:00";16,69
"2020-04-16 06:40:00";17,29
"2020-04-16 06:45:00";17,42
"2020-04-16 06:50:00";17,19
"2020-04-16 06:55:00";17,91
"2020-04-16 07:00:00";19,2
"2020-04-16 07:05:00";17,96
"2020-04-16 07:10:00";19,18
"2020-04-16 07:15:00";20,83
"2020-04-16 07:20:00";22,17
"2020-04-16 07:25:00";20,87
"2020-04-16 07:30:00";19,97
"2020-04-16 07:35:00";18,92
"2020-04-16 07:40:00";18,26
"2020-04-16 07:45:00";18,5
"2020-04-16 07:50:00";18,87
"2020-04-16 07:55:00";18,99
"2020-04-16 08:00:00";18,4
"2020-04-16 08:05:00";18,43
"2020-04-16 08:10:00";18,27
"2020-04-16 08:15:00";17,81
"2020-04-16 08:20:00";17,68
"2020-04-16 08:25:00";17,99
"2020-04-16 08:30:00";17,78
"2020-04-16 08:35:00";18,15
"2020-04-16 08:40:00";19,31
"2020-04-16 08:45:00";19,18
"2020-04-16 08:50:00";18,16
"2020-04-16 08:55:00";17,55
"2020-04-16 09:00:00";18,21
"2020-04-16 09:05:00";17,53
"2020-04-16 09:10:00";17,32
"2020-04-16 09:15:00";17,38
"2020-04-16 09:20:00";17,88
"2020-04-16 09:25:00";17,56
"2020-04-16 09:30:00";17,31
"2020-04-16 09:35:00";17,32
"2020-04-16 09:40:00";17,47
"2020-04-16 09:45:00";17,67
"2020-04-16 09:50:00";17,86
"2020-04-16 09:55:00";18,68
"2020-04-16 10:00:00";19,7
"2020-04-16 10:05:00";20,36
"2020-04-16 10:10:00";20,87
"2020-04-16 10:15:00";21,3
"2020-04-16 10:20:00";18,38
"2020-04-16 10:25:00";18,86
"2020-04-16 10:30:00";18,62
"2020-04-16 10:35:00";18,64
"2020-04-16 10:40:00";19,3
"2020-04-16 10:45:00";19,23
"2020-04-16 10:50:00";18,64
"2020-04-16 10:55:00";20,41
"2020-04-16 11:00:00";21,86
"2020-04-16 11:05:00";22,79
"2020-04-16 11:10:00";20,95
"2020-04-16 11:15:00";19,33
"2020-04-16 11:20:00";19,15
"2020-04-16 11:25:00";19,34
"2020-04-16 11:30:00";19,72
"2020-04-16 11:35:00";19,51
"2020-04-16 11:40:00";20,6
"2020-04-16 11:45:00";21,7
"2020-04-16 11:50:00";22,62
"2020-04-16 11:55:00";20,66
"2020-04-16 12:00:00";21,65
"2020-04-16 12:05:00";19,61
"2020-04-16 12:10:00";20,8
"2020-04-16 12:15:00";21,35
"2020-04-16 12:20:00";20,79
"2020-04-16 12:25:00";20,54
"2020-04-16 12:30:00";19,13
"2020-04-16 12:35:00";19,45
"2020-04-16 12:40:00";22,02
"2020-04-16 12:45:00";22,02
"2020-04-16 12:50:00";22,88
"2020-04-16 12:55:00";20,22
"2020-04-16 13:00:00";20,92
"2020-04-16 13:05:00";19,87
"2020-04-16 13:10:00";19,19
"2020-04-16 13:15:00";19,02
"2020-04-16 13:20:00";19,68
"2020-04-16 13:25:00";19,4
"2020-04-16 13:30:00";19,53
"2020-04-16 13:35:00";18,82
"2020-04-16 13:40:00";19,32
"2020-04-16 13:45:00";20,07
"2020-04-16 13:50:00";19,61
"2020-04-16 13:55:00";19,78
"2020-04-16 14:00:00";20,31
"2020-04-16 14:05:00";20,52
"2020-04-16 14:10:00";20,19
"2020-04-16 14:15:00";20,44
"2020-04-16 14:20:00";19,87
"2020-04-16 14:25:00";20,4
"2020-04-16 14:30:00";20,11
"2020-04-16 14:35:00";19,73
"2020-04-16 14:40:00";19,21
"2020-04-16 14:45:00";19
"2020-04-16 14:50:00";19,26
"2020-04-16 14:55:00";18,61
"2020-04-16 15:00:00";19,06
"2020-04-16 15:05:00";20,56
"2020-04-16 15:10:00";20,49
"2020-04-16 15:15:00";18,49
"2020-04-16 15:20:00";19,39
"2020-04-16 15:25:00";20,54
"2020-04-16 15:30:00";21,61
"2020-04-16 15:35:00";20,73
"2020-04-16 15:40:00";20,13
"2020-04-16 15:45:00";18,23
"2020-04-16 15:50:00";19,15
"2020-04-16 15:55:00";19,26
"2020-04-16 16:00:00";17,75
"2020-04-16 16:05:00";18,93
"2020-04-16 16:10:00";18,62
"2020-04-16 16:15:00";20,52
"2020-04-16 16:20:00";20,69
"2020-04-16 16:25:00";19,55
"2020-04-16 16:30:00";19,29
"2020-04-16 16:35:00";18,79
"2020-04-16 16:40:00";19,66
"2020-04-16 16:45:00";18,51
"2020-04-16 16:50:00";20,51
"2020-04-16 16:55:00";22,94
"2020-04-16 17:00:00";23,57
"2020-04-16 17:05:00";25,35
"2020-04-16 17:10:00";24,41
"2020-04-16 17:15:00";22,73
"2020-04-16 17:20:00";23,55
"2020-04-16 17:25:00";21,53
"2020-04-16 17:30:00";24,15
"2020-04-16 17:35:00";24,04
"2020-04-16 17:40:00";23,41
"2020-04-16 17:45:00";21,88
"2020-04-16 17:50:00";18,82
"2020-04-16 17:55:00";21,5
"2020-04-16 18:00:00";18,15
"2020-04-16 18:05:00";17,98
"2020-04-16 18:10:00";17,38
"2020-04-16 18:15:00";17,83
"2020-04-16 18:20:00";19,03
"2020-04-16 18:25:00";20,91
"2020-04-16 18:30:00";21,64
"2020-04-16 18:35:00";21,46
"2020-04-16 18:40:00";21,13
"2020-04-16 18:45:00";21,3
"2020-04-16 18:50:00";20,97
"2020-04-16 18:55:00";24,3
"2020-04-16 19:00:00";26,93
"2020-04-16 19:05:00";27,3
"2020-04-16 19:10:00";24,02
"2020-04-16 19:15:00";24,39
"2020-04-16 19:20:00";24,46
"2020-04-16 19:25:00";24,17
"2020-04-16 19:30:00";24,02
"2020-04-16 19:35:00";23,21
"2020-04-16 19:40:00";23,24
"2020-04-16 19:45:00";22,57
"2020-04-16 19:50:00";23,72
"2020-04-16 19:55:00";24,33
"2020-04-16 20:00:00";24,35
"2020-04-16 20:05:00";23,74
"2020-04-16 20:10:00";23,7
"2020-04-16 20:15:00";24,51
"2020-04-16 20:20:00";24,01
"2020-04-16 20:25:00";23,49
"2020-04-16 20:30:00";24,17
"2020-04-16 20:35:00";25,87
"2020-04-16 20:40:00";25,34
"2020-04-16 20:45:00";22,24
"2020-04-16 20:50:00";22,82
"2020-04-16 20:55:00";21,92
"2020-04-16 21:00:00";21,36
"2020-04-16 21:05:00";22,44
"2020-04-16 21:10:00";21,91
"2020-04-16 21:15:00";22,47
"2020-04-16 21:20:00";22,14
"2020-04-16 21:25:00";24,38
"2020-04-16 21:30:00";24,93
"2020-04-16 21:35:00";23,86
"2020-04-16 21:40:00";23,35
"2020-04-16 21:45:00";25,86
"2020-04-16 21:50:00";25,07
"2020-04-16 21:55:00";24,18
"2020-04-16 22:00:00";22,76
"2020-04-16 22:05:00";24,39
"2020-04-16 22:10:00";24,83
"2020-04-16 22:15:00";24,93
"2020-04-16 22:20:00";23,6
"2020-04-16 22:25:00";22,33
"2020-04-16 22:30:00";20,87
"2020-04-16 22:35:00";21,32
"2020-04-16 22:40:00";21,56
"2020-04-16 22:45:00";21,35
"2020-04-16 22:50:00";20,79
"2020-04-16 22:55:00";20,53
"2020-04-16 23:00:00";20,56
"2020-04-16 23:05:00";20,64
"2020-04-16 23:10:00";20,78
"2020-04-16 23:15:00";20,99
"2020-04-16 23:20:00";20,94
"2020-04-16 23:25:00";21,03
"2020-04-16 23:30:00";21,93
"2020-04-16 23:35:00";22,05
"2020-04-16 23:40:00";21,18
"2020-04-16 23:45:00";20,45
"2020-04-16 23:50:00";20,34
"2020-04-16 23:55:00";20,36
"2020-04-17 00:00:00";20,66
"2020-04-17 00:05:00";21,14
"2020-04-17 00:10:00";20,73
"2020-04-17 00:15:00";20,51
"2020-04-17 00:20:00";20,98
"2020-04-17 00:25:00";20,72
"2020-04-17 00:30:00";20,43
"2020-04-17 00:35:00";20,17
"2020-04-17 00:40:00";20,11
"2020-04-17 00:45:00";19,71
"2020-04-17 00:50:00";19,71
"2020-04-17 00:55:00";19,35
"2020-04-17 01:00:00";19,41
"2020-04-17 01:05:00";19,73
"2020-04-17 01:10:00";19,8
"2020-04-17 01:15:00";20,03
"2020-04-17 01:20:00";20,93
"2020-04-17 01:25:00";21,37
"2020-04-17 01:30:00";21,49
"2020-04-17 01:35:00";21,31
"2020-04-17 01:40:00";21,64
"2020-04-17 01:45:00";21,55
"2020-04-17 01:50:00";20,65
"2020-04-17 01:55:00";19,95
"2020-04-17 02:00:00";19,72
"2020-04-17 02:05:00";19,53
"2020-04-17 02:10:00";19,44
"2020-04-17 02:15:00";19,52
"2020-04-17 02:20:00";19,65
"2020-04-17 02:25:00";19,73
"2020-04-17 02:30:00";19,76
"2020-04-17 02:35:00";19,81
"2020-04-17 02:40:00";19,81
"2020-04-17 02:45:00";19,84
"2020-04-17 02:50:00";19,64
"2020-04-17 02:55:00";19,28
"2020-04-17 03:00:00";19,26
"2020-04-17 03:05:00";19,29
"2020-04-17 03:10:00";19,47
"2020-04-17 03:15:00";19,34
"2020-04-17 03:20:00";19,28
"2020-04-17 03:25:00";19,1
"2020-04-17 03:30:00";19,21
"2020-04-17 03:35:00";19,21
"2020-04-17 03:40:00";19,38
"2020-04-17 03:45:00";19,73
"2020-04-17 03:50:00";19,62
"2020-04-17 03:55:00";19,18
"2020-04-17 04:00:00";19,54
"2020-04-17 04:05:00";19,06
"2020-04-17 04:10:00";19,08
"2020-04-17 04:15:00";19,42
"2020-04-17 04:20:00";19,36
"2020-04-17 04:25:00";19,41
"2020-04-17 04:30:00";19,51
"2020-04-17 04:35:00";19,37
"2020-04-17 04:40:00";19,18
"2020-04-17 04:45:00";18,9
"2020-04-17 04:50:00";18,84
"2020-04-17 04:55:00";19,32
"2020-04-17 05:00:00";19,11
"2020-04-17 05:05:00";19,43
"2020-04-17 05:10:00";18,45
"2020-04-17 05:15:00";18,25
"2020-04-17 05:20:00";18,96
"2020-04-17 05:25:00";17,72
"2020-04-17 05:30:00";18,47
"2020-04-17 05:35:00";17,37
"2020-04-17 05:40:00";17,4
"2020-04-17 05:45:00";18,4
"2020-04-17 05:50:00";17,79
"2020-04-17 05:55:00";18,09
"2020-04-17 06:00:00";17,83
"2020-04-17 06:05:00";17,06
"2020-04-17 06:10:00";17,04
"2020-04-17 06:15:00";17,29
"2020-04-17 06:20:00";16,93
"2020-04-17 06:25:00";17,49
"2020-04-17 06:30:00";18,32
"2020-04-17 06:35:00";17,13
"2020-04-17 06:40:00";19,51
"2020-04-17 06:45:00";17,78
"2020-04-17 06:50:00";17,39
"2020-04-17 06:55:00";17,15
"2020-04-17 07:00:00";17,3
"2020-04-17 07:05:00";17,05
"2020-04-17 07:10:00";17,63
"2020-04-17 07:15:00";17,46
"2020-04-17 07:20:00";17,22
"2020-04-17 07:25:00";18,71
"2020-04-17 07:30:00";19,57
"2020-04-17 07:35:00";18,7
"2020-04-17 07:40:00";19,76
"2020-04-17 07:45:00";18,23
"2020-04-17 07:50:00";20,6
"2020-04-17 07:55:00";19,58
"2020-04-17 08:00:00";20,91
"2020-04-17 08:05:00";20,3
"2020-04-17 08:10:00";19,16
"2020-04-17 08:15:00";18,23
"2020-04-17 08:20:00";18,35
"2020-04-17 08:25:00";18,8
"2020-04-17 08:30:00";19,02
"2020-04-17 08:35:00";19,51
"2020-04-17 08:40:00";19,88
"2020-04-17 08:45:00";19,29
"2020-04-17 08:50:00";18,3
"2020-04-17 08:55:00";20,79
"2020-04-17 09:00:00";18,01
"2020-04-17 09:05:00";18,74
"2020-04-17 09:10:00";19,74
"2020-04-17 09:15:00";19,97
"2020-04-17 09:20:00";18,62
"2020-04-17 09:25:00";18,4
"2020-04-17 09:30:00";18,32
"2020-04-17 09:35:00";18,4
"2020-04-17 09:40:00";18,3
"2020-04-17 09:45:00";18,93
"2020-04-17 09:50:00";18,98
"2020-04-17 09:55:00";18,92
"2020-04-17 10:00:00";19,94
"2020-04-17 10:05:00";20,5
"2020-04-17 10:10:00";18,5
"2020-04-17 10:15:00";18,09
"2020-04-17 10:20:00";20,1
"2020-04-17 10:25:00";18,37
"2020-04-17 10:30:00";18,27
"2020-04-17 10:35:00";18,2
"2020-04-17 10:40:00";20,01
"2020-04-17 10:45:00";20,56
"2020-04-17 10:50:00";19,86
"2020-04-17 10:55:00";20,85
"2020-04-17 11:00:00";21,64
"2020-04-17 11:05:00";21,98
"2020-04-17 11:10:00";19,83
"2020-04-17 11:15:00";20,35
"2020-04-17 11:20:00";21,02
"2020-04-17 11:25:00";20,05
"2020-04-17 11:30:00";20,67
"2020-04-17 11:35:00";21,64
"2020-04-17 11:40:00";21,7
"2020-04-17 11:45:00";21,98
"2020-04-17 11:50:00";23,15
"2020-04-17 11:55:00";24,92
"2020-04-17 12:00:00";24,59
"2020-04-17 12:05:00";23,21
"2020-04-17 12:10:00";22,18
"2020-04-17 12:15:00";20,99
"2020-04-17 12:20:00";20,2
"2020-04-17 12:25:00";20,96
"2020-04-17 12:30:00";21,4
"2020-04-17 12:35:00";21,07
"2020-04-17 12:40:00";20,87
"2020-04-17 12:45:00";21,01
"2020-04-17 12:50:00";19,13
"2020-04-17 12:55:00";18,68
"2020-04-17 13:00:00";18,94
"2020-04-17 13:05:00";19,9
"2020-04-17 13:10:00";20,28
"2020-04-17 13:15:00";19,57
"2020-04-17 13:20:00";18,97
"2020-04-17 13:25:00";18,81
"2020-04-17 13:30:00";18,13
"2020-04-17 13:35:00";18,38
"2020-04-17 13:40:00";19,58
"2020-04-17 13:45:00";19,97
"2020-04-17 13:50:00";18,5
"2020-04-17 13:55:00";20,38
"2020-04-17 14:00:00";19,89
"2020-04-17 14:05:00";19,39
"2020-04-17 14:10:00";18,6
"2020-04-17 14:15:00";18,77
"2020-04-17 14:20:00";21,75
"2020-04-17 14:25:00";22,33
"2020-04-17 14:30:00";22,35
"2020-04-17 14:35:00";22,06
"2020-04-17 14:40:00";19,51
"2020-04-17 14:45:00";18,89
"2020-04-17 14:50:00";19,14
"2020-04-17 14:55:00";19,56
"2020-04-17 15:00:00";19,93
"2020-04-17 15:05:00";19,03
"2020-04-17 15:10:00";19,34
"2020-04-17 15:15:00";19,56
"2020-04-17 15:20:00";19,88
"2020-04-17 15:25:00";19,27
"2020-04-17 15:30:00";20,69
"2020-04-17 15:35:00";20,32
"2020-04-17 15:40:00";21,08
"2020-04-17 15:45:00";21,28
"2020-04-17 15:50:00";22,79
"2020-04-17 15:55:00";23,96
"2020-04-17 16:00:00";21,52
"2020-04-17 16:05:00";21,74
"2020-04-17 16:10:00";19,81
"2020-04-17 16:15:00";18,63
"2020-04-17 16:20:00";18,96
"2020-04-17 16:25:00";19,27
"2020-04-17 16:30:00";19,52
"2020-04-17 16:35:00";20,8
"2020-04-17 16:40:00";21,27
"2020-04-17 16:45:00";25,75
"2020-04-17 16:50:00";22,88
"2020-04-17 16:55:00";21,74
"2020-04-17 17:00:00";22,08
"2020-04-17 17:05:00";21,65
"2020-04-17 17:10:00";20,94
"2020-04-17 17:15:00";24,38
"2020-04-17 17:20:00";19,65
"2020-04-17 17:25:00";17,81
"2020-04-17 17:30:00";16,52
"2020-04-17 17:35:00";16,66
"2020-04-17 17:40:00";18,49
"2020-04-17 17:45:00";18,97
"2020-04-17 17:50:00";18,9
"2020-04-17 17:55:00";18,85
"2020-04-17 18:00:00";20,67
"2020-04-17 18:05:00";17,61
"2020-04-17 18:10:00";17,64
"2020-04-17 18:15:00";17,75
"2020-04-17 18:20:00";17,77
"2020-04-17 18:25:00";18,32
"2020-04-17 18:30:00";18,54
"2020-04-17 18:35:00";20,15
"2020-04-17 18:40:00";20,88
"2020-04-17 18:45:00";20,76
"2020-04-17 18:50:00";22,27
"2020-04-17 18:55:00";24,66
"2020-04-17 19:00:00";23,5
"2020-04-17 19:05:00";22,94
"2020-04-17 19:10:00";23,85
"2020-04-17 19:15:00";24,14
"2020-04-17 19:20:00";22,87
"2020-04-17 19:25:00";22,91
"2020-04-17 19:30:00";21,62
"2020-04-17 19:35:00";21,18
"2020-04-17 19:40:00";21,95
"2020-04-17 19:45:00";22,78
"2020-04-17 19:50:00";22,61
"2020-04-17 19:55:00";21,96
"2020-04-17 20:00:00";21,13
"2020-04-17 20:05:00";23,14
"2020-04-17 20:10:00";24,04
"2020-04-17 20:15:00";22,5
"2020-04-17 20:20:00";21,81
"2020-04-17 20:25:00";22,01
"2020-04-17 20:30:00";23,29
"2020-04-17 20:35:00";24,51
"2020-04-17 20:40:00";24,05
"2020-04-17 20:45:00";23,8
"2020-04-17 20:50:00";22,73
"2020-04-17 20:55:00";26,55
"2020-04-17 21:00:00";24,04
"2020-04-17 21:05:00";22,89
"2020-04-17 21:10:00";22,91
"2020-04-17 21:15:00";21,42
"2020-04-17 21:20:00";21,19
"2020-04-17 21:25:00";21,64
"2020-04-17 21:30:00";21,26
"2020-04-17 21:35:00";21
"2020-04-17 21:40:00";20,84
"2020-04-17 21:45:00";20,97
"2020-04-17 21:50:00";21,22
"2020-04-17 21:55:00";21,85
"2020-04-17 22:00:00";22,27
"2020-04-17 22:05:00";21,27
"2020-04-17 22:10:00";21,73
"2020-04-17 22:15:00";21,19
"2020-04-17 22:20:00";20,43
"2020-04-17 22:25:00";21,58
"2020-04-17 22:30:00";20,33
"2020-04-17 22:35:00";19,95
"2020-04-17 22:40:00";20,22
"2020-04-17 22:45:00";20,04
"2020-04-17 22:50:00";20,06
"2020-04-17 22:55:00";20,24
"2020-04-17 23:00:00";20,2
"2020-04-17 23:05:00";20,4
"2020-04-17 23:10:00";20,05
"2020-04-17 23:15:00";20,39
"2020-04-17 23:20:00";20,76
"2020-04-17 23:25:00";20,18
"2020-04-17 23:30:00";20,73
"2020-04-17 23:35:00";20,33
"2020-04-17 23:40:00";19,52
"2020-04-17 23:45:00";20,01
"2020-04-17 23:50:00";19,82
"2020-04-17 23:55:00";19,49
"2020-04-18 00:00:00";19,22
"2020-04-18 00:05:00";19,43
"2020-04-18 00:10:00";19,53
"2020-04-18 00:15:00";19,91
"2020-04-18 00:20:00";20,65
"2020-04-18 00:25:00";20,23
"2020-04-18 00:30:00";19,58
"2020-04-18 00:35:00";19,3
"2020-04-18 00:40:00";19,13
"2020-04-18 00:45:00";19,39
"2020-04-18 00:50:00";19,22
"2020-04-18 00:55:00";19,18
"2020-04-18 01:00:00";19,6
"2020-04-18 01:05:00";19,27
"2020-04-18 01:10:00";19,16
"2020-04-18 01:15:00";18,94
"2020-04-18 01:20:00";18,73
"2020-04-18 01:25:00";18,74
"2020-04-18 01:30:00";19,36
"2020-04-18 01:35:00";19,17
"2020-04-18 01:40:00";18,66
"2020-04-18 01:45:00";18,7
"2020-04-18 01:50:00";19,05
"2020-04-18 01:55:00";18,72
"2020-04-18 02:00:00";18,55
"2020-04-18 02:05:00";18,54
"2020-04-18 02:10:00";18,48
"2020-04-18 02:15:00";18,92
"2020-04-18 02:20:00";18,98
"2020-04-18 02:25:00";18,79
"2020-04-18 02:30:00";18,64
"2020-04-18 02:35:00";19,19
"2020-04-18 02:40:00";18,88
"2020-04-18 02:45:00";18,47
"2020-04-18 02:50:00";18,49
"2020-04-18 02:55:00";18,51
"2020-04-18 03:00:00";18,36
"2020-04-18 03:05:00";18,53
"2020-04-18 03:10:00";18,55
"2020-04-18 03:15:00";18,62
"2020-04-18 03:20:00";18,32
"2020-04-18 03:25:00";18,57
"2020-04-18 03:30:00";18,98
"2020-04-18 03:35:00";18,73
"2020-04-18 03:40:00";18,38
"2020-04-18 03:45:00";18,1
"2020-04-18 03:50:00";18,2
"2020-04-18 03:55:00";18,15
"2020-04-18 04:00:00";18,51
"2020-04-18 04:05:00";18,36
"2020-04-18 04:10:00";18,41
"2020-04-18 04:15:00";18,08
"2020-04-18 04:20:00";18,12
"2020-04-18 04:25:00";18,19
"2020-04-18 04:30:00";18,22
"2020-04-18 04:35:00";18,38
"2020-04-18 04:40:00";18,6
"2020-04-18 04:45:00";18,46
"2020-04-18 04:50:00";18,65
"2020-04-18 04:55:00";18,32
"2020-04-18 05:00:00";18,11
"2020-04-18 05:05:00";18,47
"2020-04-18 05:10:00";17,57
"2020-04-18 05:15:00";17,31
"2020-04-18 05:20:00";17,26
"2020-04-18 05:25:00";17,06
"2020-04-18 05:30:00";17,18
"2020-04-18 05:35:00";17,45
"2020-04-18 05:40:00";17,29
"2020-04-18 05:45:00";17,2
"2020-04-18 05:50:00";17,07
"2020-04-18 05:55:00";17,94
"2020-04-18 06:00:00";16,66
"2020-04-18 06:05:00";17,25
"2020-04-18 06:10:00";17,39
"2020-04-18 06:15:00";18,12
"2020-04-18 06:20:00";19,89
"2020-04-18 06:25:00";17,96
"2020-04-18 06:30:00";18,02
"2020-04-18 06:35:00";17,97
"2020-04-18 06:40:00";18,09
"2020-04-18 06:45:00";18,57
"2020-04-18 06:50:00";17,96
"2020-04-18 06:55:00";18,84
"2020-04-18 07:00:00";18,23
"2020-04-18 07:05:00";17,86
"2020-04-18 07:10:00";17,47
"2020-04-18 07:15:00";17,85
"2020-04-18 07:20:00";18,85
"2020-04-18 07:25:00";17,49
"2020-04-18 07:30:00";16,54
"2020-04-18 07:35:00";17,59
"2020-04-18 07:40:00";17,72
"2020-04-18 07:45:00";16,92
"2020-04-18 07:50:00";16,47
"2020-04-18 07:55:00";17,06
"2020-04-18 08:00:00";17,43
"2020-04-18 08:05:00";17,62
"2020-04-18 08:10:00";17,6
"2020-04-18 08:15:00";19,29
"2020-04-18 08:20:00";18,69
"2020-04-18 08:25:00";17,97
"2020-04-18 08:30:00";17,17
"2020-04-18 08:35:00";16,36
"2020-04-18 08:40:00";16,56
"2020-04-18 08:45:00";16,82
"2020-04-18 08:50:00";18,05
"2020-04-18 08:55:00";16,49
"2020-04-18 09:00:00";18,08
"2020-04-18 09:05:00";17,3
"2020-04-18 09:10:00";17,4
"2020-04-18 09:15:00";18,44
"2020-04-18 09:20:00";18,17
"2020-04-18 09:25:00";17,06
"2020-04-18 09:30:00";18,03
"2020-04-18 09:35:00";17,35
"2020-04-18 09:40:00";20,28
"2020-04-18 09:45:00";20,53
"2020-04-18 09:50:00";19,62
"2020-04-18 09:55:00";18,07
"2020-04-18 10:00:00";18,48
"2020-04-18 10:05:00";17,81
"2020-04-18 10:10:00";16,32
"2020-04-18 10:15:00";17,08
"2020-04-18 10:20:00";17,03
"2020-04-18 10:25:00";17,65
"2020-04-18 10:30:00";18,73
"2020-04-18 10:35:00";21,3
"2020-04-18 10:40:00";19,38
"2020-04-18 10:45:00";17,8
"2020-04-18 10:50:00";17,55
"2020-04-18 10:55:00";17,55
"2020-04-18 11:00:00";19,6
"2020-04-18 11:05:00";18,43
"2020-04-18 11:10:00";18,79
"2020-04-18 11:15:00";19,71
"2020-04-18 11:20:00";19,91
"2020-04-18 11:25:00";18,81
"2020-04-18 11:30:00";19,18
"2020-04-18 11:35:00";18,74
"2020-04-18 11:40:00";20,1
"2020-04-18 11:45:00";19,99
"2020-04-18 11:50:00";19,06
"2020-04-18 11:55:00";20,32
"2020-04-18 12:00:00";20,42
"2020-04-18 12:05:00";20,1
"2020-04-18 12:10:00";19,16
"2020-04-18 12:15:00";17,08
"2020-04-18 12:20:00";17,7
"2020-04-18 12:25:00";21,9
"2020-04-18 12:30:00";19,39
"2020-04-18 12:35:00";19,9
"2020-04-18 12:40:00";22,74
"2020-04-18 12:45:00";22,54
"2020-04-18 12:50:00";20,72
"2020-04-18 12:55:00";20,78
"2020-04-18 13:00:00";22,15
"2020-04-18 13:05:00";23,97
"2020-04-18 13:10:00";25,04
"2020-04-18 13:15:00";25,68
"2020-04-18 13:20:00";23,02
"2020-04-18 13:25:00";24,53
"2020-04-18 13:30:00";26,12
"2020-04-18 13:35:00";24,65
"2020-04-18 13:40:00";24,2
"2020-04-18 13:45:00";23,15
"2020-04-18 13:50:00";23,45
"2020-04-18 13:55:00";20,85
"2020-04-18 14:00:00";19,29
"2020-04-18 14:05:00";19,15
"2020-04-18 14:10:00";18,59
"2020-04-18 14:15:00";19,4
"2020-04-18 14:20:00";19,79
"2020-04-18 14:25:00";21,93
"2020-04-18 14:30:00";20,45
"2020-04-18 14:35:00";20,01
"2020-04-18 14:40:00";19,75
"2020-04-18 14:45:00";19,35
"2020-04-18 14:50:00";18,65
"2020-04-18 14:55:00";19,52
"2020-04-18 15:00:00";19,13
"2020-04-18 15:05:00";20,19
"2020-04-18 15:10:00";20,65
"2020-04-18 15:15:00";20,39
"2020-04-18 15:20:00";19,12
"2020-04-18 15:25:00";19,02
"2020-04-18 15:30:00";18,76
"2020-04-18 15:35:00";18,63
"2020-04-18 15:40:00";18,64
"2020-04-18 15:45:00";21,14
"2020-04-18 15:50:00";22,01
"2020-04-18 15:55:00";21,49
"2020-04-18 16:00:00";18,26
"2020-04-18 16:05:00";20,08
"2020-04-18 16:10:00";21,37
"2020-04-18 16:15:00";21,32
"2020-04-18 16:20:00";20,82
"2020-04-18 16:25:00";19,6
"2020-04-18 16:30:00";18,46
"2020-04-18 16:35:00";17,4
"2020-04-18 16:40:00";19,48
"2020-04-18 16:45:00";17,59
"2020-04-18 16:50:00";16,9
"2020-04-18 16:55:00";17,62
"2020-04-18 17:00:00";17,08
"2020-04-18 17:05:00";18,07
"2020-04-18 17:10:00";19,65
"2020-04-18 17:15:00";18,94
"2020-04-18 17:20:00";19
"2020-04-18 17:25:00";18,56
"2020-04-18 17:30:00";17,22
"2020-04-18 17:35:00";17,55
"2020-04-18 17:40:00";18,12
"2020-04-18 17:45:00";18,6
"2020-04-18 17:50:00";17,52
"2020-04-18 17:55:00";17,93
"2020-04-18 18:00:00";18,3
"2020-04-18 18:05:00";19,41
"2020-04-18 18:10:00";19,16
"2020-04-18 18:15:00";19,64
"2020-04-18 18:20:00";19,99
"2020-04-18 18:25:00";23,36
"2020-04-18 18:30:00";23,07
"2020-04-18 18:35:00";24,84
"2020-04-18 18:40:00";24,96
"2020-04-18 18:45:00";23,68
"2020-04-18 18:50:00";23,98
"2020-04-18 18:55:00";20,5
"2020-04-18 19:00:00";22,07
"2020-04-18 19:05:00";22,1
"2020-04-18 19:10:00";23,87
"2020-04-18 19:15:00";27,45
"2020-04-18 19:20:00";27,25
"2020-04-18 19:25:00";29,42
"2020-04-18 19:30:00";27,52
"2020-04-18 19:35:00";27,77
"2020-04-18 19:40:00";25,99
"2020-04-18 19:45:00";24,98
"2020-04-18 19:50:00";23,63
"2020-04-18 19:55:00";23,98
"2020-04-18 20:00:00";24,48
"2020-04-18 20:05:00";24,09
"2020-04-18 20:10:00";23,95
"2020-04-18 20:15:00";25,45
"2020-04-18 20:20:00";23,87
"2020-04-18 20:25:00";23,37
"2020-04-18 20:30:00";23
"2020-04-18 20:35:00";22,44
"2020-04-18 20:40:00";22,29
"2020-04-18 20:45:00";22,87
"2020-04-18 20:50:00";22,78
"2020-04-18 20:55:00";22,65
"2020-04-18 21:00:00";21,96
"2020-04-18 21:05:00";22,61
"2020-04-18 21:10:00";24,1
"2020-04-18 21:15:00";24,89
"2020-04-18 21:20:00";24,12
"2020-04-18 21:25:00";23,78
"2020-04-18 21:30:00";25,02
"2020-04-18 21:35:00";21,93
"2020-04-18 21:40:00";21,28
"2020-04-18 21:45:00";21,55
"2020-04-18 21:50:00";21,72
"2020-04-18 21:55:00";21,97
"2020-04-18 22:00:00";21,7
"2020-04-18 22:05:00";20,81
"2020-04-18 22:10:00";21,36
"2020-04-18 22:15:00";21,87
"2020-04-18 22:20:00";20,94
"2020-04-18 22:25:00";21,49
"2020-04-18 22:30:00";20,95
"2020-04-18 22:35:00";22,33
"2020-04-18 22:40:00";23,12
"2020-04-18 22:45:00";22,32
"2020-04-18 22:50:00";21,73
"2020-04-18 22:55:00";21,7
"2020-04-18 23:00:00";22,42
"2020-04-18 23:05:00";20,66
"2020-04-18 23:10:00";21,74
"2020-04-18 23:15:00";22,28
"2020-04-18 23:20:00";20,26
"2020-04-18 23:25:00";19,79
"2020-04-18 23:30:00";20,04
"2020-04-18 23:35:00";19,95
"2020-04-18 23:40:00";20,09
"2020-04-18 23:45:00";20,19
"2020-04-18 23:50:00";20,09
"2020-04-18 23:55:00";19,91
"2020-04-19 00:00:00";20
"2020-04-19 00:05:00";19,94
"2020-04-19 00:10:00";19,6
"2020-04-19 00:15:00";19,1
"2020-04-19 00:20:00";18,99
"2020-04-19 00:25:00";18,93
"2020-04-19 00:30:00";19,03
"2020-04-19 00:35:00";19,56
"2020-04-19 00:40:00";19,82
"2020-04-19 00:45:00";19,48
"2020-04-19 00:50:00";19,32
"2020-04-19 00:55:00";19,25
"2020-04-19 01:00:00";19,62
"2020-04-19 01:05:00";19,7
"2020-04-19 01:10:00";19,18
"2020-04-19 01:15:00";18,95
"2020-04-19 01:20:00";18,48
"2020-04-19 01:25:00";18,24
"2020-04-19 01:30:00";18,39
"2020-04-19 01:35:00";18,68
"2020-04-19 01:40:00";18,83
"2020-04-19 01:45:00";19,08
"2020-04-19 01:50:00";19,05
"2020-04-19 01:55:00";18,9
"2020-04-19 02:00:00";19
"2020-04-19 02:05:00";19,21
"2020-04-19 02:10:00";18,86
"2020-04-19 02:15:00";18,78
"2020-04-19 02:20:00";18,49
"2020-04-19 02:25:00";18,43
"2020-04-19 02:30:00";18,6
"2020-04-19 02:35:00";18,58
"2020-04-19 02:40:00";18,47
"2020-04-19 02:45:00";18,57
"2020-04-19 02:50:00";18,82
"2020-04-19 02:55:00";18,88
"2020-04-19 03:00:00";18,93
"2020-04-19 03:05:00";19,03
"2020-04-19 03:10:00";19,01
"2020-04-19 03:15:00";18,94
"2020-04-19 03:20:00";18,75
"2020-04-19 03:25:00";18,52
"2020-04-19 03:30:00";18,22
"2020-04-19 03:35:00";18,09
"2020-04-19 03:40:00";18,34
"2020-04-19 03:45:00";18,79
"2020-04-19 03:50:00";18,69
"2020-04-19 03:55:00";18,51
"2020-04-19 04:00:00";18,43
"2020-04-19 04:05:00";18,13
"2020-04-19 04:10:00";18,48
"2020-04-19 04:15:00";18,32
"2020-04-19 04:20:00";18,31
"2020-04-19 04:25:00";18,34
"2020-04-19 04:30:00";18,32
"2020-04-19 04:35:00";18,73
"2020-04-19 04:40:00";18,86
"2020-04-19 04:45:00";18,55
"2020-04-19 04:50:00";18,41
"2020-04-19 04:55:00";18,34
"2020-04-19 05:00:00";18,3
"2020-04-19 05:05:00";18,16
"2020-04-19 05:10:00";17,03
"2020-04-19 05:15:00";17,07
"2020-04-19 05:20:00";17,14
"2020-04-19 05:25:00";17,28
"2020-04-19 05:30:00";17,21
"2020-04-19 05:35:00";17,06
"2020-04-19 05:40:00";17,05
"2020-04-19 05:45:00";17,38
"2020-04-19 05:50:00";17,35
"2020-04-19 05:55:00";17,5
"2020-04-19 06:00:00";17,04
"2020-04-19 06:05:00";16,65
"2020-04-19 06:10:00";16,99
"2020-04-19 06:15:00";16,82
"2020-04-19 06:20:00";16,71
"2020-04-19 06:25:00";16,52
"2020-04-19 06:30:00";16,28
"2020-04-19 06:35:00";16,35
"2020-04-19 06:40:00";16,15
"2020-04-19 06:45:00";17,09
"2020-04-19 06:50:00";16,82
"2020-04-19 06:55:00";16,67
"2020-04-19 07:00:00";16,65
"2020-04-19 07:05:00";16,63
"2020-04-19 07:10:00";17,27
"2020-04-19 07:15:00";16,77
"2020-04-19 07:20:00";17,05
"2020-04-19 07:25:00";17,18
"2020-04-19 07:30:00";17,47
"2020-04-19 07:35:00";18,01
"2020-04-19 07:40:00";19,03
"2020-04-19 07:45:00";17,21
"2020-04-19 07:50:00";17,35
"2020-04-19 07:55:00";17,73
"2020-04-19 08:00:00";18,41
"2020-04-19 08:05:00";18,37
"2020-04-19 08:10:00";17,14
"2020-04-19 08:15:00";17,19
"2020-04-19 08:20:00";17,93
"2020-04-19 08:25:00";18,27
"2020-04-19 08:30:00";18,22
"2020-04-19 08:35:00";18,68
"2020-04-19 08:40:00";17,66
"2020-04-19 08:45:00";16,95
"2020-04-19 08:50:00";17,52
"2020-04-19 08:55:00";18,46
"2020-04-19 09:00:00";18,91
"2020-04-19 09:05:00";19,09
"2020-04-19 09:10:00";19,84
"2020-04-19 09:15:00";17,06
"2020-04-19 09:20:00";17,68
"2020-04-19 09:25:00";19,16
"2020-04-19 09:30:00";17,02
"2020-04-19 09:35:00";18,85
"2020-04-19 09:40:00";18,45
"2020-04-19 09:45:00";18,24
"2020-04-19 09:50:00";18,37
"2020-04-19 09:55:00";18,35
"2020-04-19 10:00:00";18,23
"2020-04-19 10:05:00";17,98
"2020-04-19 10:10:00";18,64
"2020-04-19 10:15:00";20,12
"2020-04-19 10:20:00";20,11
"2020-04-19 10:25:00";19,7
"2020-04-19 10:30:00";20,22
"2020-04-19 10:35:00";21,27
"2020-04-19 10:40:00";20,85
"2020-04-19 10:45:00";19,85
"2020-04-19 10:50:00";19,16
"2020-04-19 10:55:00";21,96
"2020-04-19 11:00:00";21,04
"2020-04-19 11:05:00";19,6
"2020-04-19 11:10:00";22,38
"2020-04-19 11:15:00";21,16
"2020-04-19 11:20:00";20,57
"2020-04-19 11:25:00";19,27
"2020-04-19 11:30:00";20,23
"2020-04-19 11:35:00";20,08
"2020-04-19 11:40:00";18,62
"2020-04-19 11:45:00";20,37
"2020-04-19 11:50:00";20,06
"2020-04-19 11:55:00";20,75
"2020-04-19 12:00:00";20,49
"2020-04-19 12:05:00";21,21
"2020-04-19 12:10:00";19,45
"2020-04-19 12:15:00";20,82
"2020-04-19 12:20:00";21,15
"2020-04-19 12:25:00";21,04
"2020-04-19 12:30:00";19,72
"2020-04-19 12:35:00";19,92
"2020-04-19 12:40:00";20,86
"2020-04-19 12:45:00";21,19
"2020-04-19 12:50:00";20,19
"2020-04-19 12:55:00";19,55
"2020-04-19 13:00:00";20,15
"2020-04-19 13:05:00";20,98
"2020-04-19 13:10:00";21,31
"2020-04-19 13:15:00";22,35
"2020-04-19 13:20:00";22,04
"2020-04-19 13:25:00";22,26
"2020-04-19 13:30:00";21,58
"2020-04-19 13:35:00";22,55
"2020-04-19 13:40:00";23,38
"2020-04-19 13:45:00";22,02
"2020-04-19 13:50:00";20,23
"2020-04-19 13:55:00";20,48
"2020-04-19 14:00:00";18,68
"2020-04-19 14:05:00";18,29
"2020-04-19 14:10:00";18,53
"2020-04-19 14:15:00";18,45
"2020-04-19 14:20:00";17,97
"2020-04-19 14:25:00";19,28
"2020-04-19 14:30:00";19,14
"2020-04-19 14:35:00";19,17
"2020-04-19 14:40:00";18,48
"2020-04-19 14:45:00";18,74
"2020-04-19 14:50:00";19,09
"2020-04-19 14:55:00";18,78
"2020-04-19 15:00:00";18,5
"2020-04-19 15:05:00";18,85
"2020-04-19 15:10:00";18,6
"2020-04-19 15:15:00";18,5
"2020-04-19 15:20:00";18,38
"2020-04-19 15:25:00";18,72
"2020-04-19 15:30:00";17,54
"2020-04-19 15:35:00";19,17
"2020-04-19 15:40:00";19,15
"2020-04-19 15:45:00";18,18
"2020-04-19 15:50:00";17,89
"2020-04-19 15:55:00";20,32
"2020-04-19 16:00:00";20,6
"2020-04-19 16:05:00";19,8
"2020-04-19 16:10:00";19,05
"2020-04-19 16:15:00";19,03
"2020-04-19 16:20:00";17,9
"2020-04-19 16:25:00";18,93
"2020-04-19 16:30:00";17,86
"2020-04-19 16:35:00";18,29
"2020-04-19 16:40:00";18,22
"2020-04-19 16:45:00";18,26
"2020-04-19 16:50:00";18,88
"2020-04-19 16:55:00";18,95
"2020-04-19 17:00:00";18,62
"2020-04-19 17:05:00";19,32
"2020-04-19 17:10:00";19,47
"2020-04-19 17:15:00";21,33
"2020-04-19 17:20:00";20,18
"2020-04-19 17:25:00";20,61
"2020-04-19 17:30:00";20,18
"2020-04-19 17:35:00";20,2
"2020-04-19 17:40:00";19,76
"2020-04-19 17:45:00";19,51
"2020-04-19 17:50:00";25,12
"2020-04-19 17:55:00";18,57
"2020-04-19 18:00:00";18,29
"2020-04-19 18:05:00";18,98
"2020-04-19 18:10:00";20,91
"2020-04-19 18:15:00";19,82
"2020-04-19 18:20:00";18,95
"2020-04-19 18:25:00";18,71
"2020-04-19 18:30:00";18,49
"2020-04-19 18:35:00";18,37
"2020-04-19 18:40:00";19,09
"2020-04-19 18:45:00";19,44
"2020-04-19 18:50:00";21,62
"2020-04-19 18:55:00";20,57
"2020-04-19 19:00:00";21,31
"2020-04-19 19:05:00";22,34
"2020-04-19 19:10:00";21,88
"2020-04-19 19:15:00";23,09
"2020-04-19 19:20:00";22,19
"2020-04-19 19:25:00";21,54
"2020-04-19 19:30:00";20,86
"2020-04-19 19:35:00";22,53
"2020-04-19 19:40:00";25,54
"2020-04-19 19:45:00";25,71
"2020-04-19 19:50:00";24,14
"2020-04-19 19:55:00";21,4
"2020-04-19 20:00:00";21,23
"2020-04-19 20:05:00";21,97
"2020-04-19 20:10:00";22,25
"2020-04-19 20:15:00";21,34
"2020-04-19 20:20:00";22,23
"2020-04-19 20:25:00";22,82
"2020-04-19 20:30:00";21,47
"2020-04-19 20:35:00";20,75
"2020-04-19 20:40:00";20,69
"2020-04-19 20:45:00";20,71
"2020-04-19 20:50:00";21,37
"2020-04-19 20:55:00";21,05
"2020-04-19 21:00:00";20,75
"2020-04-19 21:05:00";21
"2020-04-19 21:10:00";21,21
"2020-04-19 21:15:00";21,55
"2020-04-19 21:20:00";21,13
"2020-04-19 21:25:00";20,84
"2020-04-19 21:30:00";22,26
"2020-04-19 21:35:00";24,02
"2020-04-19 21:40:00";22,43
"2020-04-19 21:45:00";22,1
"2020-04-19 21:50:00";21,33
"2020-04-19 21:55:00";20,96
"2020-04-19 22:00:00";23,24
"2020-04-19 22:05:00";23,37
"2020-04-19 22:10:00";22,77
"2020-04-19 22:15:00";22,26
"2020-04-19 22:20:00";21,98
"2020-04-19 22:25:00";21,14
"2020-04-19 22:30:00";20,88
"2020-04-19 22:35:00";20,14
"2020-04-19 22:40:00";20,31
"2020-04-19 22:45:00";19,66
"2020-04-19 22:50:00";20,06
"2020-04-19 22:55:00";20,23
"2020-04-19 23:00:00";20,65
"2020-04-19 23:05:00";20,49
"2020-04-19 23:10:00";20,25
"2020-04-19 23:15:00";21,05
"2020-04-19 23:20:00";20,27
"2020-04-19 23:25:00";20,07
"2020-04-19 23:30:00";20,34
"2020-04-19 23:35:00";19,87
"2020-04-19 23:40:00";19,73
"2020-04-19 23:45:00";19,54
"2020-04-19 23:50:00";19,49
"2020-04-19 23:55:00";19,32